2020-01-12 22:52:27 UTC,grantneufeld/developing-accessible-iOS-apps,dadederk,"Don't have a strong feeling about the styling. The only thing I think it is important is for it to be consistent in the project and, if possible, enforce with a SwiftLint rule."
2020-01-31 01:32:30 UTC,slop-me/place,Alex1331xela,"Ah, you're right. I'll recommit with just the ""will"" added."
2020-01-08 22:07:11 UTC,chabbimilind/Go,chabbimilind,"why do we make r3, r4, r5 0? It happens on all architectures."
2020-01-24 21:54:08 UTC,dylan0000/games,dylan0000,![Difference between blocks](https://raw.githubusercontent.com/dylan0000/games/f670ae3972f2d17a5384c6cf9dd4b249d7cb1d75/.github/makecode/blocksdiff.png)
2020-01-09 22:09:55 UTC,GamakCZ/SkyWars-Pro,MythologyHost,@GamakCZ  Can I please have Skywars pro Free because I cant affoard it.
2020-01-21 21:29:06 UTC,cp-helsinge/2020-attack,paragi,Roleback: webengine not working properly
2020-01-21 00:03:39 UTC,Justin-Koningsberger/work_ease,lucasluitjes,`@bodypart[bodypart]` moet denk ik `@bodypart[b]` zijn. Weet niet of dat ook de bug is maar viel me iig op
2020-01-30 15:29:29 UTC,gribozavr/swift,gribozavr,"Good point, added."
2020-01-13 07:58:26 UTC,jsnkng/National-Parks,now[bot],"
Successfully deployed to following URLs:

* https://national-parks-6amcgfwpk.now.sh
* https://national-parks.now.sh
* https://national-parks.jsnkng.now.sh
* https://national-parks-git-master.jsnkng.now.sh
	"
2020-01-14 04:44:49 UTC,cboydstun/MERN-Auth,now[bot],"
Deployment failed with the following error:

~~~
Your `package.json` file is missing a `build` property inside the `scripts` property.
~~~
			"
2020-01-16 22:03:44 UTC,ashishrsai/blogAshish,now[bot],"
Successfully deployed to following URLs:

* https://blogashish-o0rotk1ee.now.sh
* https://blogashish.now.sh
* https://blogashish.ashishsai.now.sh
* https://blogashish-git-master.ashishsai.now.sh
	"
2020-01-25 12:23:30 UTC,jacobalberty/firebird-docker,mrotteveel,"This change seems to break with the Firebird 3.0.5 image, causing error _""Use of database at location /firebird/system/security3.fdb is not allowed by server configuration""_"
2020-01-10 03:49:18 UTC,punkupoz/ashipcaptain,now[bot],"
Successfully deployed to following URLs:

* https://ashipcaptain-549ch6afi.now.sh
* https://ashipcaptain.now.sh
* https://shipcapt.com
* https://ashipcaptain.punkupoz.now.sh
* https://ashipcaptain-git-master.punkupoz.now.sh
	"
2020-01-11 12:56:09 UTC,krlmlr/dm,krlmlr,The output doesn't need to be part of the example.
2020-01-18 06:26:22 UTC,0125jinlee/betterworld,ywplee,construct url here and call API 
2020-01-19 20:06:59 UTC,matyasbach/ivana-mrazkova,now[bot],"
Deployment failed with the following error:

~~~
You defined 1 build that did not match any source files (please ensure they are NOT defined in .nowignore):
~~~
			"
2020-01-21 01:25:16 UTC,byronwade/byronwade.com,now[bot],"
Failed to assign a domain to your deployment due to the following error:

~~~
The domain byronwade.com couldn't be found.
~~~

([Learn more](https://zeit.co/bcw1995/byronwadecom/j0we06366) or [visit](https://byronwadecom-j0we06366.now.sh) the non-aliased deployment)
"
2020-01-17 08:23:56 UTC,zsz12251665/blog,now[bot],"
Successfully deployed to following URLs:

* https://blog-5ckqn794x.now.sh
* https://blog.zsz12251665.now.sh
* https://blog-git-master.zsz12251665.now.sh
	"
2020-01-09 14:43:32 UTC,bladdrock/compu,Byron2020,Grupo2
2020-01-23 23:08:17 UTC,ashtom/github-contributions-api,now[bot],"
Successfully deployed to following URLs:

* https://github-contributions-chart-2bp8s80jr.now.sh
* https://ghcapi.now.sh
* https://github-contributions-chart.ashtom.now.sh
* https://github-contributions-chart-git-master.ashtom.now.sh
	"
2020-01-24 02:19:09 UTC,ricardocasares/cuex,now[bot],"
Successfully deployed to following URLs:

* https://cuex-ljwehv9ou.now.sh
* https://cuex.hidden.now.sh
* https://cuex-git-master.hidden.now.sh
	"
2020-01-13 11:35:37 UTC,denyszamiatin/ma_shop,denyszamiatin,"You don't need index here, use for product in products"
2020-01-04 01:18:42 UTC,jseanpatel/Portfolio,lucaspatel,"@jseanpatel It works fine for me. Checkout to the commit that is authored by me, run npm install, then it will work. Then, work backwards from there. Apply each of your new code changes and observe when things break. If you still can't figure it out you'll have to sit down and explain to me what you're trying to do."
2020-01-07 22:59:05 UTC,destechi/BlynkLCD,destechi,"Regarding description: Should read: P.s. Use this code in **build.particle.io**
"
2020-01-09 14:05:44 UTC,vondele/Stockfish,Chess13234,"Since LTC is struggling i've added a test which restricts it to rootDepth <16 (which is basically most of STC moves):
http://tests.stockfishchess.org/tests/view/5e17323f0ac9162cdd5f3a32"
2020-01-15 14:12:46 UTC,JeffHoogland/moksha,rbtylee,The latest MokshaArcGreen  theme with icons and all needs to be in our repos by the time we are using a deb file made of moksha after this commit ;)
2020-01-27 13:32:13 UTC,Nickztar/Matsedlar,now[bot],"
Successfully deployed to following URLs:

* https://matsedlar-6aoubqove.now.sh
* https://matsedlar.now.sh
* https://matsedlar.nickztar.now.sh
* https://matsedlar-git-master.nickztar.now.sh
	"
2020-01-06 13:25:31 UTC,philoskim/debux,philoskim,Thanks! ^^
2020-01-13 12:07:50 UTC,jochem33/React-dashboard,jochem33,![](https://github.trello.services/images/mini-trello-icon.png) [Crypto](https://trello.com/c/XSZJ4drH/5-crypto)
2020-01-22 19:54:14 UTC,SiTaggart/AreMyColorsAccessible,now[bot],"
Successfully deployed to following URLs:

* https://aremycolorsaccessible-psxgm3lgf.now.sh
* https://aremycoloursaccessible.com
* https://aremycolorsaccessible.com
* https://www.aremycolorsaccessible.com
* https://www.aremycoloursaccessible.com
* https://aremycolorsaccessible.sitaggart.now.sh
* https://aremycolorsaccessible-git-master.sitaggart.now.sh
	"
2020-01-28 18:27:27 UTC,bambootest-bot/githubtest,bambootest-bot,"# Specs execution successful
:scroll: [View logs](http://bamboo.comnull)
### Plans updated

Bamboo specs have been successfully imported and the following plans have been updated.

Project | Plan | Build
---|---|---
[Test](http://bamboo.com/browse/TEST) | [Comment test](http://bamboo.com/browse/TEST-CTEST)  | :white_check_mark: [\#1](http://bamboo.com/browse/TEST-CTEST-1)
[New project](http://bamboo.com/browse/NEW) | [Disabled plan](http://bamboo.com/browse/NEW-DISABLED) **disabled** | :white_check_mark: [\#1](http://bamboo.com/browse/NEW-DISABLED-1)

### Deployments updated

Bamboo specs have been successfully imported and the following deployment projects have been updated.

|Deployment project |
----|
[Deployment test](http://bamboo.com/deploy/viewDeploymentProjectVersions.action?id=2162689)|
"
2020-01-09 02:40:16 UTC,adolpho-noguera/hello-world,adolpho-noguera,First commit
2020-01-21 18:42:29 UTC,buddhi1980/mandelbulber2,buddhi1980,"@coast77777777777  Change you change resolution of this example to 1920x1080? I'm trying to keep all examples in the same resolution, because some of users can have systems which cannot handle higher resolution."
2020-01-26 21:27:47 UTC,iakovmarkov/iakov.me,now[bot],"
Failed to assign a domain to your deployment due to the following error:

~~~
We could not create a certificate for iakov.me because HTTP pretest failed. Please ensure the CNAME for iakov.me points to ""alias.zeit.co"". You can find more information at https://err.sh/now-cli/cant-solve-challenge.
~~~

([Learn more](https://zeit.co/iakov/iakovme/5vy4671zf) or [visit](https://iakovme-5vy4671zf.now.sh) the non-aliased deployment)
"
2020-01-27 13:45:36 UTC,xiaodaigh/JLBoost.jl,xiaodaigh,@JuliaRegistrator register
2020-01-17 22:01:41 UTC,maanolfi/greenthumb,now[bot],"
Successfully deployed to following URLs:

* https://greenthumb-1kxtrjz0y.now.sh
* https://greenthumb-five-woad.now.sh
* https://greenthumb.maanolfi.now.sh
* https://greenthumb-git-master.maanolfi.now.sh
	"
2020-01-21 06:49:54 UTC,vanbujm/l5r-dice-sim,now[bot],"
Successfully deployed to following URLs:

* https://l5r-dice-sim-cy934gwwd.now.sh
* https://l5r-dice-sim.now.sh
* https://l5r-dice-sim.vanbujm.now.sh
* https://l5r-dice-sim-git-master.vanbujm.now.sh
	"
2020-01-14 02:46:45 UTC,hswopeams/remittance,adelRestom,"The naming convention for boolean getter is `is` + name of attribute (e.g. `isPaused()`, `isKilled()`)."
2020-01-26 03:15:51 UTC,Lolligerhans/Stockfish,crossbr,Congrats!
2020-01-10 08:09:05 UTC,James-Yu/LaTeX-Workshop,jlelong,"No, I was looking for something like that but never came across this. It might be worth giving a try."
2020-01-03 01:26:56 UTC,tylerreece22/tylerreece,now[bot],"
Successfully deployed to following URLs:

* https://tylerreece-azaihjvo9.now.sh
* https://tylerreece.now.sh
* https://tylerreece.tylerreece.now.sh
* https://tylerreece-git-master.tylerreece.now.sh
	"
2020-01-25 13:45:57 UTC,bramaudi/blog-nuxt,now[bot],"
Successfully deployed to following URLs:

* https://blog-nuxt-n2e9y3ex7.now.sh
* https://blog-nuxt.now.sh
* https://blog-nuxt.bramaudi1.now.sh
* https://blog-nuxt-git-master.bramaudi1.now.sh
	"
2020-01-11 22:36:08 UTC,tbranyen/backbone.layoutmanager,omar729,"- [ 2 test/spec/expose.js
@@ -29,7 +29,7 @@ asyncTest(""AMD support"", 1, function() {
    baseUrl: ""../"",
    baseUrl: ""../"",


    paths: {
    paths: {
      underscore: ""node_modules/lodash/index"",
      underscore: ""node_modules/underscore/underscore"",
      jquery: ""node_modules/jquery/dist/jquery"",
      jquery: ""node_modules/jquery/dist/jquery"",
      backbone: ""node_ ] "
2020-01-28 16:12:58 UTC,G0DR1C-CMD/siit-homeworks,PaulNegoescu,mai simplu de verificat if (input.length)
2020-01-05 22:41:25 UTC,yury-s/webkit,yury-s,Done.
2020-01-09 17:15:03 UTC,DavidTan0527/Minigame-App,now[bot],"
Successfully deployed to following URLs:

* https://minigame-app-p7m4aanql.now.sh
* https://minigame-app.now.sh
* https://minigame-app.david0527tan.now.sh
* https://minigame-app-git-master.david0527tan.now.sh
	"
2020-01-02 00:03:33 UTC,tcgronk/sustainability,now[bot],"
Successfully deployed to following URLs:

* https://sustainability-88qd4t2sw.now.sh
* https://sustainability.now.sh
* https://sustainability.tessgronski.now.sh
* https://sustainability-git-master.tessgronski.now.sh
	"
2020-01-14 09:54:49 UTC,edenleung/think-ant-vue,now[bot],"
Successfully deployed to following URLs:

* https://think-ant-vue-75kxqi5p7.now.sh
* https://think-ant-vue.now.sh
* https://ant.xiaodim.com
* https://think-ant-vue.xiaodi.now.sh
* https://think-ant-vue-git-master.xiaodi.now.sh
	"
2020-01-08 08:02:14 UTC,chitacan/access-remote-node,now[bot],"
Successfully deployed to following URLs:

* https://access-remote-node-bbzkk8xx3.now.sh
* https://access-remote-node.now.sh
* https://access-remote-node.chitacan.io
* https://access-remote-node.chitacan.now.sh
* https://access-remote-node-git-master.chitacan.now.sh
	"
2020-01-22 13:21:31 UTC,paulogdm/cautious-palm-tree,now[bot],"
Successfully deployed to following URLs:

* https://cautious-palm-tree-9nlpsxfwk.now.sh
* https://cautious-palm-tree.now.sh
* https://cautious-palm-tree.pgdm.now.sh
* https://cautious-palm-tree-git-master.pgdm.now.sh
	"
2020-01-12 01:09:54 UTC,zacnomore/pwa-podcatcher,now[bot],"
Successfully deployed to following URLs:

* https://pwa-podcatcher-a3luix3m6.now.sh
* https://pwa-podcatcher-nine-black.now.sh
* https://pwa-podcatcher.zsvoboda.now.sh
* https://pwa-podcatcher-git-master.zsvoboda.now.sh
	"
2020-01-22 18:56:30 UTC,maximousblk/linkinbio,now[bot],"
You are pushing commits at a very fast pace (across the whole organization).
Due to that, we cannot deploy the commit ba69367d6e74bb528a9b2969a3828e657e56d08c.

You can try again later or [upgrade](https://zeit.co/account/plan) your plan.
		"
2020-01-18 01:48:37 UTC,overshard/isaacbythewood.com,now[bot],"
Successfully deployed to following URLs:

* https://isaacbythewoodcom-3hydzc8ep.now.sh
* https://isaacbythewood.com
* https://www.isaacbythewood.com
* https://bythewood.me
* https://www.bythewood.me
* https://flankharder.com
* https://www.flankharder.com
* https://isaacbythewoodcom.overshard.now.sh
* https://isaacbythewoodcom-git-master.overshard.now.sh
	"
2020-01-30 16:46:51 UTC,markharwood/lucene-solr,jpountz,"you should be able to remove this file and rebase, it's in master now"
2020-01-29 20:24:15 UTC,atsman/alehatsman.com,now[bot],"
Successfully deployed to following URLs:

* https://alehatsmancom-idpfxh79c.now.sh
* https://alehatsman.com
* https://alehatsmancom.alehatsman.now.sh
* https://alehatsmancom-git-master.alehatsman.now.sh
	"
2020-01-31 18:21:07 UTC,bambootest-bot/githubtest,bambootest-bot,"# Specs execution successful
:scroll: [View logs](http://bamboo.comnull)
### Plans updated

Bamboo specs have been successfully imported and the following plans have been updated.

Project | Plan | Build
---|---|---
[Test](http://bamboo.com/browse/TEST) | [Comment test](http://bamboo.com/browse/TEST-CTEST)  | :white_check_mark: [\#1](http://bamboo.com/browse/TEST-CTEST-1)
[New project](http://bamboo.com/browse/NEW) | [Disabled plan](http://bamboo.com/browse/NEW-DISABLED) **disabled** | :white_check_mark: [\#1](http://bamboo.com/browse/NEW-DISABLED-1)

### Deployments updated

Bamboo specs have been successfully imported and the following deployment projects have been updated.

|Deployment project |
----|
[Deployment test](http://bamboo.com/deploy/viewDeploymentProjectVersions.action?id=2162689)|
"
2020-01-17 10:43:44 UTC,tarasenkoMariya/DemoRepo,tarasenkoMariya,"Collaborator cannot find remote user mapping for user that pushed commits, review created by system administrator"
2020-01-19 20:53:00 UTC,Glascode/meals,now[bot],"
Successfully deployed to following URLs:

* https://meals-f30ctzxpx.now.sh
* https://meals.now.sh
* https://meals.maelquerre.now.sh
* https://meals-git-master.maelquerre.now.sh
	"
2020-01-12 10:24:22 UTC,AnyaOstanina/patterns,LidiaIvanova,"0,2"
2020-01-12 03:28:52 UTC,JavierMachucaA/portafolio-profesional,now[bot],"
Successfully deployed to following URLs:

* https://personal-portfolio-angular-updated-7lyk2qc9c.now.sh
* https://jmachuca-portafolio-personal.now.sh
* https://personal-portfolio-angular-updated.javiermachucaa.now.sh
* https://personal-portfolio-angular-updated-git-master.javiermachucaa.now.sh
	"
2020-01-05 17:56:54 UTC,sidhupotru/JSF,sidhupotru,nn
2020-01-24 07:16:26 UTC,dwiprogrammer/project_inventaris,NgurahPrihandana,Mantap
2020-01-01 06:08:28 UTC,jwasham/coding-interview-university,805bluebell,Can you please make a fork of this repository and continue
2020-01-11 18:30:14 UTC,bambootest-bot/githubtest,bambootest-bot,"# Specs execution successful
:scroll: [View logs](http://bamboo.comnull)
### Plans updated

Bamboo specs have been successfully imported and the following plans have been updated.

Project | Plan | Build
---|---|---
[Test](http://bamboo.com/browse/TEST) | [Comment test](http://bamboo.com/browse/TEST-CTEST)  | :white_check_mark: [\#1](http://bamboo.com/browse/TEST-CTEST-1)
[New project](http://bamboo.com/browse/NEW) | [Disabled plan](http://bamboo.com/browse/NEW-DISABLED) **disabled** | :white_check_mark: [\#1](http://bamboo.com/browse/NEW-DISABLED-1)

### Deployments updated

Bamboo specs have been successfully imported and the following deployment projects have been updated.

|Deployment project |
----|
[Deployment test](http://bamboo.com/deploy/viewDeploymentProjectVersions.action?id=2162689)|
"
2020-01-26 17:27:08 UTC,vim/vim,brammool,"
Daniel Hahler wrote:

> @brammool 
> Note that this changes the behavior of `pumvisible()` (`0` => `1`)
> during the `CompleteDone` autocommand processing.
> I've been using this to detect if completion is active, which now
> needs to be changed to have extra logic (""is this during/after
> CompleteDone was triggered?"") - which might be easier if the current
> autocmd would be available (https://github.com/vim/vim/issues/4232).

I'm not sure why you were using pumvisible().  The command matters, and
AFAIK CompleteDone indicates that completion is finished.  So yeah, you
need to check what event happened, if you use the same code for multiple
events.

> However, in general I do not think having `pumvisible()` (and
> `mode(1)`) indicate that completion is active during the
> `CompleteDone` event is a good idea.  It seems like it was done as a
> workaround for `complete_info` to be available still, which might be
> possible in another (non-breaking) way.
> 
> If the current behavior is kept, `complete_info()` could maybe
> indicate in some way that completion is (about to be) done (when
> called during `CompleteDone`)?

But if this is always done for CompleteDone, then checking the event is
sufficient, right?


-- 
The fastest way to get an engineer to solve a problem is to declare that the
problem is unsolvable.  No engineer can walk away from an unsolvable problem
until it's solved.
				(Scott Adams - The Dilbert principle)

 /// Bram Moolenaar -- Bram@Moolenaar.net -- http://www.Moolenaar.net   \\\
///        sponsor Vim, vote for features -- http://www.Vim.org/sponsor/ \\\
\\\  an exciting new programming language -- http://www.Zimbu.org        ///
 \\\            help me help AIDS victims -- http://ICCF-Holland.org    ///
"
2020-01-27 07:36:22 UTC,w3c/wai-atag-report-tool,now[bot],"
Successfully deployed to following URLs:

* https://atag-report-tool-2houqclnw.now.sh
* https://atag-report-tool.now.sh
* https://atag-report-tool.hdv.now.sh
* https://atag-report-tool-git-master.hdv.now.sh
	"
2020-01-16 22:38:54 UTC,NREL/EnergyPlus,nrel-bot,"169953819_Issue7471 (Unknown) - Win64-Windows-10-VisualStudio-16: OK (2616 of 2616 tests passed, 0 test warnings)






<a href='https://nrel.github.io/EnergyPlusBuildResults/EnergyPlus-b3230a4842f5781cc501e16c066efe30e0ac7e9f-Win64-Windows-10-VisualStudio-16.html'>![Build Badge](http://img.shields.io/badge/build%20status-passing-green.png)</a> <a href='https://nrel.github.io/EnergyPlusBuildResults/EnergyPlus-b3230a4842f5781cc501e16c066efe30e0ac7e9f-Win64-Windows-10-VisualStudio-16.html'>![Test Badge](http://img.shields.io/badge/tests%20passed-100.0%25-green.png)</a> 
"
2020-01-19 06:11:25 UTC,bcbi/PredictMD.jl,JuliaRegistrator,"Registration pull request created: [JuliaRegistries/General/8148](https://github.com/JuliaRegistries/General/pull/8148)

After the above pull request is merged, it is recommended that a tag is created on this repository for the registered package version.

This will be done automatically if [Julia TagBot](https://github.com/apps/julia-tagbot) is installed, or can be done manually through the github interface, or via:
```
git tag -a v0.34.12 -m ""<description of version>"" b0394f91854ffa09f366e3bd094de9f8a0f9059e
git push origin v0.34.12
```
"
2020-01-27 18:23:22 UTC,uber/baseweb,now[bot],"
Successfully deployed to following URLs:

* https://baseweb-9acy7gbny.now.sh
* https://baseweb.uber-ui-platform.now.sh
* https://baseweb-git-master.uber-ui-platform.now.sh
	"
2020-01-21 16:40:13 UTC,ICJIA/icjia-r3,now[bot],"
Successfully deployed to following URLs:

* https://icjia-r3-5bw4j2j39.now.sh
* https://icjia-r3.now.sh
* https://icjia-r3.cschweda.now.sh
* https://icjia-r3-git-master.cschweda.now.sh
	"
2020-01-29 10:08:31 UTC,NixOS/nixpkgs,Ma27,"Do you have a setup to test? While doing this, the change seemed fine :) "
2020-01-26 02:00:48 UTC,weewx/weewx,gjr80,"@tkeffer. Meant to submit this as a PR for your review but my PyCharm/github skills are sadly lacking :( . THis seems to come up all the time, don't know if it will help but figured it won't hurt. Happy if you change or remove."
2020-01-19 19:43:46 UTC,smogon/pokemon-showdown,Marty-D,"It rounds half up like Recover and friends, so using `heal: [1, 4]` is fine here."
2020-01-14 14:32:05 UTC,serokell/tezos-packaging,rvem,"Why so?
It was added intentionality since we want to use releases instead of buildkite artifacts"
2020-01-30 23:10:04 UTC,HandsFree/accessabar,now[bot],"
Successfully deployed to following URLs:

* https://accessabar-5qy0pd68j.now.sh
* https://accessabar.handsfree.now.sh
* https://accessabar-git-master.handsfree.now.sh
	"
2020-01-09 17:54:36 UTC,canonical/multipass,multipass-ci-bot,macOS build available: [multipass-1.1.0-dev.552+gdd890d49.mac-Darwin.pkg](https://transfer.sh/BPs5R/multipass-1.1.0-dev.552+gdd890d49.mac-Darwin.pkg)
2020-01-15 11:08:16 UTC,hibernate/hibernate-rx,gavinking,See #21 
2020-01-20 10:52:47 UTC,roleypoly/ui,now[bot],"
You are pushing commits at a very fast pace (across the whole organization).
Due to that, we cannot deploy the commit 3eeedb709b99c41a3f95cb9da725174a0e529a4d.

You can try again later or [upgrade](https://zeit.co/teams/roleypoly/settings/plan) your plan.
		"
2020-01-23 19:29:07 UTC,void-linux/void-packages,xtraeme,A ring to rule them all
2020-01-05 02:15:38 UTC,Bloop-Radar/bloop,aschaller,"Example Output:
![infineon_dc_block_top](https://user-images.githubusercontent.com/691447/71774143-88e20d00-2f26-11ea-9829-6511cef6755c.png)
![infineon_dc_block_15_35_GHz](https://user-images.githubusercontent.com/691447/71774145-95666580-2f26-11ea-9341-84203356985c.png)

![infineon_dc_block_3d](https://user-images.githubusercontent.com/691447/71774144-8aabd080-2f26-11ea-9fe5-6e798ba33926.png)
"
2020-01-09 22:11:33 UTC,UNDataForum/gatsby-themes,now[bot],"
Successfully deployed to following URLs:

* https://gatsby-themes-8d7q73gvv.now.sh
* https://gatsby-themes.undataforum.now.sh
* https://gatsby-themes-git-master.undataforum.now.sh
	"
2020-01-21 13:04:43 UTC,conda-forge/colorlog-feedstock,conda-forge-linter,"
Hi! This is the friendly automated conda-forge-webservice.

I updated the Github team because of this commit.

- @forrestwaters was added to this feedstock maintenance team.

You should get push access to this feedstock and CI services.

Feel free to join the community [chat room](https://gitter.im/conda-forge/conda-forge.github.io).

NOTE: Please make sure to not push to the repository directly.
      Use branches in your fork for any changes and send a PR.
      More details [here](https://conda-forge.org/docs/maintainer/updating_pkgs.html#forking-and-pull-requests)
"
2020-01-12 06:41:32 UTC,resourcesco/resources.co,now[bot],"
Successfully deployed to following URLs:

* https://resourcesco-b9ej4mzqx.now.sh
* https://resources.co
* https://resourcesco.resourcesco.now.sh
* https://resourcesco-git-master.resourcesco.now.sh
	"
2020-01-09 20:42:46 UTC,cloveekprojeqt/cloveekprojeqt.github.io,vukovinski,Dodat ime i prezime?
2020-01-17 05:14:41 UTC,Career-Launchpad/client,now[bot],"
Successfully deployed to following URLs:

* https://client-8x9tmn6bd.now.sh
* https://career-debut.now.sh
* https://client.career-launchpad.now.sh
* https://client-git-master.career-launchpad.now.sh
	"
2020-01-19 14:42:10 UTC,sherlock-project/sherlock,torerobo,"No! 
https://github.com/sherlock-project/sherlock/issues/524
Bad ""GPSies"" -del

GipsysTeam -recovery."
2020-01-13 17:19:49 UTC,carbon-design-system/gatsby-theme-carbon,now[bot],"
Successfully deployed to following URLs:

* https://gatsby-theme-carbon-8al8b86p5.now.sh
* https://gatsby-theme-carbon.now.sh
* https://gatsby-theme-carbon.carbon-design-system.now.sh
* https://gatsby-theme-carbon-git-master.carbon-design-system.now.sh
	"
