2020-01-13 10:22:17 UTC,Wakasso94/CLI,youssoufou-laouali,"tous les questions precedentes devront etre changer car le dossier politique n'est pas a sa place.
"
2020-01-13 08:48:54 UTC,Martinsos/edlib,masri2019,"In the function of transformSequences, it iterates over the target and query sequences and makes a hash map with distinct symbols as keys and indexes as values. So the size of the IdxType should be as large as the number of distinct symbols in the union of target and query sequences. IdxType has two upper bounds. One is the AlphabetType and the second one is the total length of query and target seqs. (integer seems enough if the length of our sequences is less than 1 M)"
2020-01-02 03:17:24 UTC,domluna/JuliaFormatter.jl,domluna,@JuliaRegistrator register()
2020-01-05 00:08:35 UTC,tirazel/boulder-alerts-alpha,tirazel,"[![Visit Site](https://raw.githubusercontent.com/pantheon-systems/terminus-build-tools-plugin/master/assets/images/visit-site-36.png)](https://pr-6-boulder-alerts-alpha.pantheonsite.io/)

Created multidev environment [pr-6](https://dashboard.pantheon.io/sites/956ae823-b5c3-4bd4-9088-01945e0eb770#pr-6) for boulder-alerts-alpha."
2020-01-26 09:17:09 UTC,Kirides/GD3D11,diolator,"Thanks. 
I ve notecied the bug with normal maps which occurs after 1 or 2 hours in game. (i think constant quickloads may trigger it)
Visually it looks some of materials load random normal maps. For example, the grass renders with planks normal map."
2020-01-01 07:26:12 UTC,5inco/PHDoS,5inco,$ <b>nslookup victimwebsite.com<b><br>
2020-01-21 00:05:14 UTC,Justin-Koningsberger/work_ease,lucasluitjes,"Liever symbols dan strings- is er een reden dat je voor de bodypart een string koos? Laat maar weten, kunnen we in een call nog ff overleggen"
2020-01-23 17:37:25 UTC,trommler/ghc,kavon,:+1: glad to see this. Does this combination of patches work on ARM now?
2020-01-28 13:21:07 UTC,dtroode/kistauri,now[bot],"
Successfully deployed to following URLs:

* https://kistauri-hupjnyen6.now.sh
* https://davidkistauri.ru
* https://kistauri.dtroode.now.sh
* https://kistauri-git-master.dtroode.now.sh
	"
2020-01-19 21:19:28 UTC,Jalenstaples/exercises-javascript-fundamentals,jfarmer,@Jalenstaples Looks good!
2020-01-13 12:13:36 UTC,golubs/notespacer,now[bot],"
Successfully deployed to following URLs:

* https://notespacer-awl4rq3mu.now.sh
* https://notespacer.now.sh
* https://notespacer.golubs.now.sh
* https://notespacer-git-master.golubs.now.sh
	"
2020-01-13 14:37:08 UTC,leablogs/springboot,leablogs,w
2020-01-07 15:00:34 UTC,cbdyzj/nano,now[bot],"
Successfully deployed to following URLs:

* https://nano-b3xk8l80a.now.sh
* https://nano.cbdyzj.now.sh
* https://nano-git-master.cbdyzj.now.sh
	"
2020-01-14 03:22:23 UTC,tlnagy/Coulter.jl,JuliaRegistrator,"Registration pull request created: [JuliaRegistries/General/7881](https://github.com/JuliaRegistries/General/pull/7881)

After the above pull request is merged, it is recommended that a tag is created on this repository for the registered package version.

This will be done automatically if [Julia TagBot](https://github.com/apps/julia-tagbot) is installed, or can be done manually through the github interface, or via:
```
git tag -a v0.2.0 -m ""<description of version>"" 29a8688bff655ad5efc64b2c5bfd17c20216be43
git push origin v0.2.0
```
"
2020-01-29 08:57:52 UTC,leeyawnz/testing,now[bot],"
Successfully deployed to following URLs:

* https://leeyawnz-5jfqd6pmz.now.sh
* https://leeyawnz.now.sh
* https://leeyawnz.leeyawnz.now.sh
* https://leeyawnz-git-master.leeyawnz.now.sh
	"
2020-01-01 20:28:30 UTC,sstucki/agda-categories,sstucki,"Yes, I can see why you would.

The reason I use this 'interleaved' format is that I try to keep my code within a 80-char line limit. That way, I can split my Emacs window vertically into two buffers: one for editing code and one for compilation. (Splitting horizontally leaves me with lots of white, unused screen real estate).

Also, other projects I have worked on have often enforced this traditional limit. I wonder what the convention for the stdlib is..."
2020-01-29 16:19:14 UTC,TonyBM/EjerciciosHomie,Pako7,usa do y end
2020-01-11 14:47:24 UTC,MilosKozak/AndroidAPS,AdrianLxM,"This should be the type you inject: A `DanaRS_Packet_Bolus_Set_Step_Bolus_Stop`.
At the moment it is a ""do nothing injector"" which is also perfectly fine...
... but would need injection (manual setting of mocked objects) in line 48 (after instantiation of `DanaRS_Packet_Bolus_Set_Step_Bolus_Stop `)"
2020-01-20 12:52:16 UTC,willemliu/universal-comments,now[bot],"
Successfully deployed to following URLs:

* https://universal-comments-508pwldet.now.sh
* https://universal-comments.now.sh
* https://universal-comments.willemliu.now.sh
* https://universal-comments-git-master.willemliu.now.sh
	"
2020-01-03 23:58:09 UTC,LSmyrnaios/DocUrlsRetriever,LSmyrnaios,![](https://github.trello.services/images/mini-trello-icon.png) [Optimize StringBuilder](https://trello.com/c/cgTpMb7q/199-optimize-stringbuilder)
2020-01-31 03:41:17 UTC,jeremyBanks/speedruns,now[bot],"
Successfully deployed to following URLs:

* https://speedruns-7pdinz26e.now.sh
* https://speedrun.ca
* https://staging.speedruns.ca
* https://speedruns.speedruns.now.sh
* https://speedruns-git-master.speedruns.now.sh
	"
2020-01-10 11:59:05 UTC,hrt/WheelChair,hswhsw610,"README says 1.9.3, but as you can see from Krunker, the latest version is 1.9.6."
2020-01-07 16:13:35 UTC,Brooooooklyn/blog,now[bot],"
Successfully deployed to following URLs:

* https://blog-fnqf5sho9.now.sh
* https://blog-theta-neon.now.sh
* https://blog.lynvv.xyz
* https://lynvv.xyz
* https://blog.lynweklm.now.sh
* https://blog-git-master.lynweklm.now.sh
	"
2020-01-30 21:25:04 UTC,pihome-shc/pihome,twa127,Can you please confirm that we are now storing the GPIO pin numbers in the *_child_id fields
2020-01-27 10:04:28 UTC,Narsing5755/myfirest,Narsing5755,d
2020-01-10 12:47:58 UTC,mirshko/dotdesign,now[bot],"
Failed to assign a domain to your deployment due to the following error:

~~~
The domain reiner.design is not verfied and cannot be used as an alias.
~~~

([Learn more](https://zeit.co/mirshko/dotdesign/ogwb02san) or [visit](https://dotdesign-ogwb02san.now.sh) the non-aliased deployment)
"
2020-01-15 09:59:12 UTC,vondele/Stockfish,anshulongithub,it passed finally! Congrats!
2020-01-29 22:30:13 UTC,Bartixxx32/block-ads,now[bot],"
Successfully deployed to following URLs:

* https://block-ads-j64s20l2r.now.sh
* https://block-ads.now.sh
* https://block-ads.bartixxx.now.sh
* https://block-ads-git-master.bartixxx.now.sh
	"
2020-01-04 15:34:45 UTC,brucegne/zPHP,now[bot],"
Successfully deployed to following URLs:

* https://zphp-rcuv3dv1t.now.sh
* https://zphp.brucegne.now.sh
* https://zphp-git-master.brucegne.now.sh
	"
2020-01-14 17:39:47 UTC,FabiolaTP/GDL004-social-network,FabiolaTP,ok
2020-01-31 05:36:43 UTC,JacquelineOmollo/myPortfoilo,now[bot],"
Successfully deployed to following URLs:

* https://myportfoilo-llo5x49dy.now.sh
* https://myportfoilo.jacquelineomollo.now.sh
* https://myportfoilo-git-master.jacquelineomollo.now.sh
	"
2020-01-30 17:08:20 UTC,devaneereid/portfolio-dev,now[bot],"
Deployment failed with the following error:

~~~
ENOENT: no such file or directory, stat '/tmp/Ex3rVAPygEI6PX9OD2Q49oLY/repo/nodes/bin/create-react-app'
~~~
			"
2020-01-27 18:48:39 UTC,bambootest-bot/githubtest,bambootest-bot,"# Specs execution successful
:scroll: [View logs](http://bamboo.comnull)
### Plans updated

Bamboo specs have been successfully imported and the following plans have been updated.

Project | Plan | Build
---|---|---
[Test](http://bamboo.com/browse/TEST) | [Comment test](http://bamboo.com/browse/TEST-CTEST)  | :white_check_mark: [\#1](http://bamboo.com/browse/TEST-CTEST-1)
[New project](http://bamboo.com/browse/NEW) | [Disabled plan](http://bamboo.com/browse/NEW-DISABLED) **disabled** | :white_check_mark: [\#1](http://bamboo.com/browse/NEW-DISABLED-1)

### Deployments updated

Bamboo specs have been successfully imported and the following deployment projects have been updated.

|Deployment project |
----|
[Deployment test](http://bamboo.com/deploy/viewDeploymentProjectVersions.action?id=2162689)|
"
2020-01-12 21:56:09 UTC,pashatay/dreamlog,now[bot],"
Successfully deployed to following URLs:

* https://dreamlog-12pndnww6.now.sh
* https://dreamlog.now.sh
* https://dreamlog.pashatay.now.sh
* https://dreamlog-git-master.pashatay.now.sh
	"
2020-01-27 08:13:50 UTC,ilyalesik/lesik-dev,now[bot],"
Successfully deployed to following URLs:

* https://lesik-dev-evhm80qct.now.sh
* https://lesik-dev.now.sh
* https://lesik.dev
* https://lesik-dev.ilyalesik.now.sh
* https://lesik-dev-git-master.ilyalesik.now.sh
	"
2020-01-16 09:15:22 UTC,rawiriblundell/checkMK,mike1098,"Hi Rawiri, I ran your agent on AIX command line and it doesnt provide an output. See attached debug.
[agent.txt](https://github.com/rawiriblundell/checkMK/files/4070254/agent.txt)

"
2020-01-25 15:12:04 UTC,tanmaykm/Thrift.jl,JuliaRegistrator,"Registration pull request updated: [JuliaRegistries/General/8426](https://github.com/JuliaRegistries/General/pull/8426)

After the above pull request is merged, it is recommended that a tag is created on this repository for the registered package version.

This will be done automatically if [Julia TagBot](https://github.com/apps/julia-tagbot) is installed, or can be done manually through the github interface, or via:
```
git tag -a v0.6.1 -m ""<description of version>"" ef9a0fb5e6e31db96ca38c82895ea4b897c32158
git push origin v0.6.1
```
"
2020-01-06 16:18:42 UTC,bambootest-bot/githubtest,bambootest-bot,"# Specs execution successful
:scroll: [View logs](http://bamboo.comnull)
### Plans updated

Bamboo specs have been successfully imported and the following plans have been updated.

Project | Plan | Build
---|---|---
[Test](http://bamboo.com/browse/TEST) | [Comment test](http://bamboo.com/browse/TEST-CTEST)  | :white_check_mark: [\#1](http://bamboo.com/browse/TEST-CTEST-1)
[New project](http://bamboo.com/browse/NEW) | [Disabled plan](http://bamboo.com/browse/NEW-DISABLED) **disabled** | :white_check_mark: [\#1](http://bamboo.com/browse/NEW-DISABLED-1)

### Deployments updated

Bamboo specs have been successfully imported and the following deployment projects have been updated.

|Deployment project |
----|
[Deployment test](http://bamboo.com/deploy/viewDeploymentProjectVersions.action?id=2162689)|
"
2020-01-25 16:44:34 UTC,roshow/shifters-website,now[bot],"
Successfully deployed to following URLs:

* https://shifters-website-4fjnwn8a1.now.sh
* https://shifters-website.now.sh
* https://shifters-website.roshow.now.sh
* https://shifters-website-git-master.roshow.now.sh
	"
2020-01-14 13:37:16 UTC,gaearon/overreacted.io,now[bot],"
Successfully deployed to following URLs:

* https://overreactedio-8n2111q6t.now.sh
* https://overreacted.io
* https://overreactedio.gaearon.now.sh
* https://overreactedio-git-master.gaearon.now.sh
	"
2020-01-17 19:52:00 UTC,joonajo/nasa-portal,now[bot],"
Successfully deployed to following URLs:

* https://nasa-portal-8nuzdw8u1.now.sh
* https://nasa-portal.now.sh
* https://nasa-portal.joonajo.now.sh
* https://nasa-portal-git-master.joonajo.now.sh
	"
2020-01-04 20:56:43 UTC,dutzi/dutzi.github.io,now[bot],"
Successfully deployed to following URLs:

* https://dutzigithubio-2sv7og4rv.now.sh
* https://dutzi.party
* https://dutzigithubio.dutzi.now.sh
* https://dutzigithubio-git-master.dutzi.now.sh
	"
2020-01-14 08:46:08 UTC,SuperSoviet/EzClaps-Browser,SuperSoviet,"```
now the browser loads your homepage that you set in ( now i need to fix the setHomePage winform so you can do it from there ) "
2020-01-29 16:18:24 UTC,oooooooooooooooooooooooppppppssssss/Haywire-Website-Now,now[bot],"
Successfully deployed to following URLs:

* https://haywire-9ndy3c3ls.now.sh
* https://haywire.now.sh
* https://haywire.dagwoodsandwich56.now.sh
* https://haywire-git-master.dagwoodsandwich56.now.sh
	"
2020-01-11 16:15:18 UTC,dembra96/EukBook,dembra96,"Forgot to mention that I also used newer protein profiles from Elli - ""27+13 Mio"" ones."
2020-01-07 16:18:12 UTC,bambootest-bot/githubtest,bambootest-bot,"# Specs execution successful
:scroll: [View logs](http://bamboo.comnull)
### Plans updated

Bamboo specs have been successfully imported and the following plans have been updated.

Project | Plan | Build
---|---|---
[Test](http://bamboo.com/browse/TEST) | [Comment test](http://bamboo.com/browse/TEST-CTEST)  | :white_check_mark: [\#1](http://bamboo.com/browse/TEST-CTEST-1)
[New project](http://bamboo.com/browse/NEW) | [Disabled plan](http://bamboo.com/browse/NEW-DISABLED) **disabled** | :white_check_mark: [\#1](http://bamboo.com/browse/NEW-DISABLED-1)

### Deployments updated

Bamboo specs have been successfully imported and the following deployment projects have been updated.

|Deployment project |
----|
[Deployment test](http://bamboo.com/deploy/viewDeploymentProjectVersions.action?id=2162689)|
"
2020-01-04 18:51:40 UTC,L-42/multi-rules-creater,now[bot],"
Successfully deployed to following URLs:

* https://multi-condition-filter-13qeme4cj.now.sh
* https://multi-condition-filter.now.sh
* https://multi-condition-filter.l42.now.sh
* https://multi-condition-filter-git-master.l42.now.sh
	"
2020-01-12 10:28:49 UTC,talentedunicorn/todolist,now[bot],"
Successfully deployed to following URLs:

* https://todolist-jdb25n9lx.now.sh
* https://todo.talentedunicorn.com
* https://todolist.talentedunicorn.now.sh
* https://todolist-git-master.talentedunicorn.now.sh
	"
2020-01-12 09:08:41 UTC,tanjim750/Abubokor-fbbrut,tanjim750,kikhobor5!!
2020-01-09 15:52:38 UTC,Morek999/OMSCS_Taiwan_Leetcode,Morek999,Why you need to use () for nums[0]? It should still work for assigning integer rather than a tuple.
2020-01-01 10:00:46 UTC,Knuxfan24/Sonic-06-Mod-Manager,HyperPolygon64,"This is all behind-the-scenes stuff, not worth making a new release for as it functions identically."
2020-01-03 14:42:09 UTC,alfianguide/alfianguide,now[bot],"
Failed to assign a domain to your deployment due to the following error:

~~~
The domain alfianguide.com is not verfied and cannot be used as an alias.
~~~

([Learn more](https://zeit.co/alfianguide/alfianguide/ciaxqgl1y) or [visit](https://alfianguide-ciaxqgl1y.now.sh) the non-aliased deployment)
"
2020-01-13 17:45:07 UTC,danestves/danestves,now[bot],"
Successfully deployed to following URLs:

* https://danestves-qp2uhaozd.now.sh
* https://danestves.com
* https://danestves.danestves.now.sh
* https://danestves-git-master.danestves.now.sh
	"
2020-01-21 18:34:55 UTC,bambootest-bot/githubtest,bambootest-bot,"# Specs execution successful
:scroll: [View logs](http://bamboo.comnull)
### Plans updated

Bamboo specs have been successfully imported and the following plans have been updated.

Project | Plan | Build
---|---|---
[Test](http://bamboo.com/browse/TEST) | [Comment test](http://bamboo.com/browse/TEST-CTEST)  | :white_check_mark: [\#1](http://bamboo.com/browse/TEST-CTEST-1)
[New project](http://bamboo.com/browse/NEW) | [Disabled plan](http://bamboo.com/browse/NEW-DISABLED) **disabled** | :white_check_mark: [\#1](http://bamboo.com/browse/NEW-DISABLED-1)

### Deployments updated

Bamboo specs have been successfully imported and the following deployment projects have been updated.

|Deployment project |
----|
[Deployment test](http://bamboo.com/deploy/viewDeploymentProjectVersions.action?id=2162689)|
"
2020-01-06 10:53:43 UTC,Shibani15/kotlin,nikhiljainlive,Put this code into utility class.
2020-01-13 04:05:10 UTC,theBashShell/rqst,now[bot],"
Successfully deployed to following URLs:

* https://rqst-pwwa2pzu9.now.sh
* https://rqst.now.sh
* https://rqst.thebashshell.now.sh
* https://rqst-git-master.thebashshell.now.sh
	"
2020-01-18 13:34:11 UTC,AlexGorn0000/centobr42-vk-mini-apps,now[bot],"
Successfully deployed to following URLs:

* https://centrobr42-vk-mini-apps-p30l09cll.now.sh
* https://centrobr42-vk-mini-apps.now.sh
* https://centrobr42-vk-mini-apps.alexgorn00.now.sh
* https://centrobr42-vk-mini-apps-git-master.alexgorn00.now.sh
	"
2020-01-14 21:45:07 UTC,apache/wicket,svenmeier,Why are you duplicating CspNonceHeaderResponse?
2020-01-13 09:59:53 UTC,KnpLabs/DoctrineBehaviors,TomasVotruba,"@toooni That happens. Fix was merged now, but test would be great!"
2020-01-02 20:27:58 UTC,openemr/openemr,tywrenn,@bradymiller Done
2020-01-15 14:09:21 UTC,esl/ex_rabbit_pool,djeusette,"Hey @sescobb27, thanks for the wonderful work you've done on this lib!

I couldn't help but wonder why you don't mention the few TODOs present in the RabbitConnection worker (https://github.com/esl/ex_rabbit_pool/blob/master/lib/worker/rabbit_connection.ex)"
2020-01-10 10:23:52 UTC,nice-digital/MAS,NICE-TeamCity,"TeamCity MAS / MAS [Build 1.1.0.489](https://teamcity.nice.org.uk/viewLog.html?buildId=64142&buildTypeId=Mas_Mas) outcome was **FAILURE**
Summary: Artifacts size 158.5 KB is 100% different from 67.4 MB in build #1.0.0.445-MAS-150-WeeklyEmailN (new); exit code 1 (Step: Set build number (Command Line)) (new) Build time: 00:00:11"
2020-01-31 16:55:11 UTC,Harvard-University-iCommons/canvas_account_admin_tools,Chris-Thornton-Harvard,The tag for the SDK doesn't have the v at the beginning I believe 
2020-01-23 12:26:25 UTC,ropensci/dev_guide,github-actions[bot],"You can go look at [the preview][1]. :smile_cat:

[1]: https://5e2990ec25f924017bf62310--determined-hamilton-b43444.netlify.com"
2020-01-08 22:45:03 UTC,bvcms/bvcms,bvcms-teamcity,"TeamCity Bvcms / Build [Build 3353](https://builds.tpsdb.com/viewLog.html?buildId=11152&buildTypeId=Bvcms_Build) outcome was **FAILURE**
Summary: Tests failed: 1 (1 new), passed: 210 Build time: 00:25:48
### Failed tests
```
Webapp collection (1): IntegrationTests.Areas.Search.Views.Query.EditConditionTests.FundIds_Should_Appear_In_TopGiver_Search_Condition: OpenQA.Selenium.WebDriverTimeoutException : Timed out after 5 seconds
   at OpenQA.Selenium.Support.UI.DefaultWait`1.ThrowTimeoutException(String exceptionMessage, Exception lastException)
   at OpenQA.Selenium.Support.UI.DefaultWait`1.Until[TResult](Func`2 condition)
   at IntegrationTests.Support.FeatureTestBase.WaitForElement(String css, Int32 maxWaitTimeInSeconds, Boolean visible) in C:\TeamCity\buildAgent\work\de2c4e6ef697cb99\IntegrationTests\Support\FeatureTestBase.cs:line 573
   at IntegrationTests.Areas.Search.Views.Query.EditConditionTests.FundIds_Should_Appear_In_TopGiver_Search_Condition() in C:\TeamCity\buildAgent\work\de2c4e6ef697cb99\IntegrationTests\Areas\Search\Views\Query\EditConditionTests.cs:line 27

```
"
2020-01-18 15:37:20 UTC,oe-alliance/oe-alliance-e2-skindefault,AbuBaniaz,"Before pictures
![scale_before](https://user-images.githubusercontent.com/6644489/72666259-59440200-3a08-11ea-9012-b12ebe99b367.jpg)
![scale_before 2](https://user-images.githubusercontent.com/6644489/72666261-5b0dc580-3a08-11ea-9631-46ac709304c3.jpg)

After pictures
![scale_after](https://user-images.githubusercontent.com/6644489/72666266-6660f100-3a08-11ea-927f-e4e6ac4871ae.jpg)
![scale_after 2](https://user-images.githubusercontent.com/6644489/72666267-682ab480-3a08-11ea-83f3-e811e6b34bc8.jpg)
"
2020-01-20 08:52:12 UTC,GNOME/goocanvas,albfan,"This is required for flatpak which sdk bundle gettext 0.20. We're planning a goocanvas 3.0 so we can change gettext there.

Any logs about the broken build?"
2020-01-28 07:08:15 UTC,NREL/EnergyPlus,nrel-bot-2b,"remove_objexx_gio__4 (lefticus) - x86_64-Linux-Ubuntu-18.04-gcc-7.4-IntegrationCoverage-Debug: OK (677 of 678 tests passed, 0 test warnings)



Failures:\n

integration Test Summary
 * Passed: 677
 * Timeout: 1


<a href='https://nrel.github.io/EnergyPlusBuildResults/EnergyPlus-2fbca3e8a57159b86dbade50d760d63845f75ecf-x86_64-Linux-Ubuntu-18.04-gcc-7.4-IntegrationCoverage-Debug.html'>![Build Badge](http://img.shields.io/badge/build%20status-passing-green.png)</a> <a href='https://nrel.github.io/EnergyPlusBuildResults/EnergyPlus-2fbca3e8a57159b86dbade50d760d63845f75ecf-x86_64-Linux-Ubuntu-18.04-gcc-7.4-IntegrationCoverage-Debug.html'>![Test Badge](http://img.shields.io/badge/tests%20passed-99.85%25-yellow.png)</a> <a href='https://nrel.github.io/EnergyPlusBuildResults/EnergyPlus-2fbca3e8a57159b86dbade50d760d63845f75ecf-x86_64-Linux-Ubuntu-18.04-gcc-7.4-IntegrationCoverage-Debug.html'>![Coverage Badge](http://img.shields.io/badge/coverage%20status-68.31%25-yellow.png)</a>
"
2020-01-02 20:11:32 UTC,NREL/EnergyPlus,nrel-bot-2,"refrigCaseRefactor (mitchute) - x86_64-Linux-Ubuntu-18.04-custom_check: Build Failed






<a href='https://nrel.github.io/EnergyPlusBuildResults/EnergyPlus-4f7e33a34e5acbed6d8799ab8a899db663e15282-x86_64-Linux-Ubuntu-18.04-custom_check.html'>![Build Badge](http://img.shields.io/badge/build%20status-failing-red.png)</a>  
"
2020-01-10 03:13:14 UTC,backdrop/backdrop,backdrop-ci,Related to: backdrop/backdrop-issues#4263 
2020-01-16 10:52:16 UTC,exercism/v3,SleeplessByte,lol lol lol
2020-01-23 10:21:51 UTC,ioBroker/ioBroker.discovery,GermanBluefox,@thewhobox Why you disabled the detection?
2020-01-22 18:50:12 UTC,Cobresun/behemoth,wesley-tang,"What is ""it""?"
2020-01-20 13:54:23 UTC,DivanteLtd/shopware-pwa,github-actions[bot],"Deploy preview for _website_ ready!

Built with commit e27413f4da0ef0e2ff9e546a382348941f365c13

https://shopware-pwa-f7j34dcq4.now.sh"
2020-01-20 03:37:39 UTC,sportstimes/f1,now[bot],"
Successfully deployed to following URLs:

* https://f1-1rdi0qax4.now.sh
* https://f1-orpin-alpha.now.sh
* https://f1calendar.com
* https://www.f1calendar.com
* https://f1.ay8s.now.sh
* https://f1-git-master.ay8s.now.sh
	"
2020-01-29 20:36:15 UTC,ProseMirror/prosemirror-view,marijnh,"See the patch title. In some circumstances browsers will put the selection inside an uneditable leaf node, and this method was suppressing the selection change handler from reacting to those.

Please file an issue with a description of the problem this causes for you."
2020-01-08 14:51:27 UTC,Arctos6135/frc-2020,tylertian123,"Oh I see that they're reversed in the `setMotors` method already. Still, it's a better idea to invert the MC though."
2020-01-01 14:10:04 UTC,halogenOS/android_device_oneplus_msm8998-common,xdevs23,That is probably it.
2020-01-15 17:02:03 UTC,oacore/reader,now[bot],"
Successfully deployed to following URLs:

* https://reader-ah0dxlzfy.now.sh
* https://reader.oacore.now.sh
* https://reader-git-master.oacore.now.sh
	"
2020-01-04 16:14:30 UTC,JuliaData/CategoricalArrays.jl,nalimilan,@JuliaRegistrator register
2020-01-18 20:49:48 UTC,JuliaArrays/OffsetArrays.jl,timholy,@JuliaRegistrator register
2020-01-20 23:55:24 UTC,MuddCreates/hyperschedule-api,raxod502,This doesn't seem like the greatest for maintainability -- can it be generated automatically from `Pipfile.lock`?
2020-01-24 13:53:44 UTC,MKFirmware/MK4duo,iosonopersia,@MagoKimbra errore di battitura: `flag` al posto di `falg`
2020-01-16 21:16:21 UTC,shahcompbio/wgs,diljotgrewal,"pep-8
"
2020-01-10 23:43:50 UTC,fyne-io/desktop,andydotxyz,Pretty sure we don't have multiple roots in embedded mode
2020-01-22 17:29:02 UTC,HydrologicEngineeringCenter/FIRO_TSEnsembles,tombrauer,In this case I'm guessing the resource isn't actually on the build server. Is there any way to check the build server to see if the csv file is there?
2020-01-27 23:53:04 UTC,inspec/train,zenspider,"@skpaterson I'm seeing activity in the #test-kitchen community slack around this branch but I don't see a PR for it. Can you make one? Seems legit, no?"
2020-01-28 01:06:30 UTC,zeit-github-test/github-e2e-test-dev-forked-repo,now-test[bot],"
Successfully deployed to following URLs:

* https://ccc-7uor1hj1l.now.sh
* https://ccc.zeit-github-test-dev1.now.sh
* https://ccc-git-master.zeit-github-test-dev1.now.sh
	"
2020-01-27 15:48:55 UTC,zeit-github-test/github-e2e-tests-dev-alias-v2-with-alias,now-test[bot],"
Successfully deployed to following URLs:

* https://github-e2e-tests-dev-alias-v2-with-alias-cg0k0iwtv.now.sh
* https://z-github-e2e-tests-dev-alias-v2-with-alias.now.sh
* https://github-e2e-tests-dev-alias-v2-with-alias.zeit-github-test-dev1.now.sh
* https://github-e2e-tests-dev-alias-v2-with-alias-git-master.zeit-github-test-dev1.now.sh
	"
2020-01-01 22:05:03 UTC,historylab-cz/cviceni-test,now[bot],"
Successfully deployed to following URLs:

* https://cviceni-test-cz9tvhf30.now.sh
* https://cviceni-test.historylab.now.sh
* https://cviceni-test-git-master.historylab.now.sh
	"
2020-01-23 07:17:48 UTC,iqubex-technologies/pkgreview.dev,now[bot],"
Successfully deployed to following URLs:

* https://pkgreviewdev-bjwr7jmdb.now.sh
* https://pkgreview.now.sh
* https://pkgreviewdev.iqubex-technologies.now.sh
* https://pkgreviewdev-git-master.iqubex-technologies.now.sh
	"
2020-01-27 15:34:32 UTC,ember-digital/ember-pdf,now[bot],"
Successfully deployed to following URLs:

* https://ember-pdf-p50jyxu7m.now.sh
* https://ember-pdf.now.sh
* https://ember-pdf.emberhub.now.sh
* https://ember-pdf-git-master.emberhub.now.sh
	"
2020-01-07 18:03:02 UTC,excalidraw/excalidraw,now[bot],"
Successfully deployed to following URLs:

* https://excalidraw-93kaqal0m.now.sh
* https://excalidraw.now.sh
* https://excalidraw.vjeux.now.sh
* https://excalidraw-git-master.vjeux.now.sh
	"
2020-01-24 18:46:36 UTC,420-Beaudoin-Cours/c1atelier1-utilitaires-tableaux-N0-p3,420-Beaudoin,/0
