2020-01-24 16:16:34 UTC,brucegne/zPie,now[bot],"
Successfully deployed to following URLs:

* https://zpie-igzyju8a5.now.sh
* https://zpie.now.sh
* https://zpie.brucegne.now.sh
* https://zpie-git-master.brucegne.now.sh
	"
2020-01-16 12:56:27 UTC,spences10/cv,now[bot],"
You are pushing commits at a very fast pace (across the whole organization).
Due to that, we cannot deploy the commit aa0201e0f15a2cda3095bc899ebffc1c2469ed69.

You can try again later or [upgrade](https://zeit.co/account/plan) your plan.
		"
2020-01-21 21:43:57 UTC,bertmaher/pytorch,resistor,`kNE` is missing here too.
2020-01-28 14:49:55 UTC,code-incubus/kapua,LeoNerdoG,Change this methos so it accepts singular or plural form
2020-01-02 23:06:41 UTC,zacnomore/portfolio,now[bot],"
Successfully deployed to following URLs:

* https://portfolio-a31qli7dx.now.sh
* https://zacharysvoboda.com
* https://portfolio.zsvoboda.now.sh
* https://portfolio-git-master.zsvoboda.now.sh
	"
2020-01-12 17:29:53 UTC,cztomczak/cefpython,cztomczak,"Whichever solution works, is fine. If you think your works better feel free to send PR. But it needs to be tested on all platforms."
2020-01-22 18:01:17 UTC,jaedb/Iris,kingosticks,"Super, that is nice and explicit."
2020-01-18 08:17:33 UTC,MatthewTheGlutton/HideousDestructor,KILLAKAN10,"My god, so this, counts for chainsaws too?"
2020-01-02 04:16:26 UTC,ian97531/emoji-industries,now[bot],"
Successfully deployed to following URLs:

* https://emoji-industries-2ln76nxg1.now.sh
* https://emoji.industries
* https://emoji-industries.ianowhite.now.sh
* https://emoji-industries-git-master.ianowhite.now.sh
	"
2020-01-10 21:55:21 UTC,cophaso/pawprint-app,now[bot],"
Successfully deployed to following URLs:

* https://pawprint-app-o04jai31e.now.sh
* https://pawprint-app.now.sh
* https://pawprint-app.cophaso.now.sh
* https://pawprint-app-git-master.cophaso.now.sh
	"
2020-01-20 10:10:38 UTC,roman-yagodin/R7.News,roman-yagodin,#82 
2020-01-26 00:02:57 UTC,MilesMickelson/React100-Mortgage-Calculator,now[bot],"
Successfully deployed to following URLs:

* https://react100-mortgage-calculator-dzk4jmrhl.now.sh
* https://react100-mortgage-calculator.milesmickelson87.now.sh
* https://react100-mortgage-calculator-git-master.milesmickelson87.now.sh
	"
2020-01-06 20:22:46 UTC,pmagiera/JavaPractice,rabbitvirus,"you can use StringBuilder, but it is not necessary
also, you can assign i*n to a helper variable"
2020-01-15 23:49:06 UTC,zacharyweiss/zacharyweiss.github.io,now[bot],"
Successfully deployed to following URLs:

* https://zacharyweissgithubio-1qgnc2bwd.now.sh
* https://zachary.ws
* https://zacharyweissgithubio.zacharyws.now.sh
* https://zacharyweissgithubio-git-master.zacharyws.now.sh
	"
2020-01-28 02:08:42 UTC,team5985/InfiniteRecharge,LordBBQ,"What does this do?
"
2020-01-01 15:22:51 UTC,rajak68amit/jenkins,rajak68amit,up date
2020-01-14 02:21:45 UTC,AumitLeon/notion-blog,now[bot],"
Successfully deployed to following URLs:

* https://notion-blog-b4uoyzf30.now.sh
* https://notion-blog-tau-cyan.now.sh
* https://notion-blog.aumitleon.now.sh
* https://notion-blog-git-master.aumitleon.now.sh
	"
2020-01-19 08:51:34 UTC,Mcd243/hello_world,Mcd243,title header
2020-01-06 16:33:07 UTC,c-cube/ocaml-containers,copy,"This may have some unintended effects, such as catching `Sys.Break` or `Stack_overflow`."
2020-01-13 21:54:54 UTC,chatan000/throwing_objects,chatan000,![Difference between blocks](https://raw.githubusercontent.com/chatan000/throwing_objects/9543336cf8410651afc4f3f0381f03435f67eeb4/.github/makecode/blocksdiff.png)
2020-01-22 17:57:45 UTC,guidofaecke/IbmiToolkit,guidofaecke,Thank you for pointing it out.
2020-01-16 10:21:48 UTC,life1st/markIt,now[bot],"
Deployment failed with the following error:

~~~
Could not find a secret by name ""MONGO_PWD""
~~~
			"
2020-01-04 00:17:37 UTC,GinoHoney/About-me,GinoHoney,This Website shares a sneak peak about me
2020-01-08 10:50:25 UTC,bambootest-bot/githubtest,bambootest-bot,"# Specs execution successful
:scroll: [View logs](http://bamboo.comnull)
### Plans updated

Bamboo specs have been successfully imported and the following plans have been updated.

Project | Plan | Build
---|---|---
[Test](http://bamboo.com/browse/TEST) | [Comment test](http://bamboo.com/browse/TEST-CTEST)  | :white_check_mark: [\#1](http://bamboo.com/browse/TEST-CTEST-1)
[New project](http://bamboo.com/browse/NEW) | [Disabled plan](http://bamboo.com/browse/NEW-DISABLED) **disabled** | :white_check_mark: [\#1](http://bamboo.com/browse/NEW-DISABLED-1)

### Deployments updated

Bamboo specs have been successfully imported and the following deployment projects have been updated.

|Deployment project |
----|
[Deployment test](http://bamboo.com/deploy/viewDeploymentProjectVersions.action?id=2162689)|
"
2020-01-05 15:27:45 UTC,namjaejeon/linux-exfat,pali,Also should not be used too exfat upcase table (when iocharset!=utf8)?
2020-01-23 17:22:16 UTC,jhradilek/openshift-docs,zzoubkova,"@dbenoit17 Please review, thanks!"
2020-01-09 18:40:42 UTC,bambootest-bot/githubtest,bambootest-bot,"# Specs execution successful
:scroll: [View logs](http://bamboo.comnull)
### Plans updated

Bamboo specs have been successfully imported and the following plans have been updated.

Project | Plan | Build
---|---|---
[Test](http://bamboo.com/browse/TEST) | [Comment test](http://bamboo.com/browse/TEST-CTEST)  | :white_check_mark: [\#1](http://bamboo.com/browse/TEST-CTEST-1)
[New project](http://bamboo.com/browse/NEW) | [Disabled plan](http://bamboo.com/browse/NEW-DISABLED) **disabled** | :white_check_mark: [\#1](http://bamboo.com/browse/NEW-DISABLED-1)

### Deployments updated

Bamboo specs have been successfully imported and the following deployment projects have been updated.

|Deployment project |
----|
[Deployment test](http://bamboo.com/deploy/viewDeploymentProjectVersions.action?id=2162689)|
"
2020-01-16 00:54:17 UTC,Adoilson-Freitas/jobify,now[bot],"
Successfully deployed to following URLs:

* https://jobify-2q9eexauw.now.sh
* https://jobify-sooty-one.now.sh
* https://jobify.adoilsonbacelar.now.sh
* https://jobify-git-master.adoilsonbacelar.now.sh
	"
2020-01-27 12:33:19 UTC,enjoy-digital/litex,enjoy-digital,"This has been reverted, things have always been clear that LiteX originated from MiSoC. Since 2015 LiteX has evolved a lot (while still using the key elements of MiSoC) and is now a different project. 
All files have copyrights notice, MiSoC is cited in the README/LICENSE, so things are clear and closed.
 "
2020-01-08 18:42:33 UTC,bambootest-bot/githubtest,bambootest-bot,"# Specs execution successful
:scroll: [View logs](http://bamboo.comnull)
### Plans updated

Bamboo specs have been successfully imported and the following plans have been updated.

Project | Plan | Build
---|---|---
[Test](http://bamboo.com/browse/TEST) | [Comment test](http://bamboo.com/browse/TEST-CTEST)  | :white_check_mark: [\#1](http://bamboo.com/browse/TEST-CTEST-1)
[New project](http://bamboo.com/browse/NEW) | [Disabled plan](http://bamboo.com/browse/NEW-DISABLED) **disabled** | :white_check_mark: [\#1](http://bamboo.com/browse/NEW-DISABLED-1)

### Deployments updated

Bamboo specs have been successfully imported and the following deployment projects have been updated.

|Deployment project |
----|
[Deployment test](http://bamboo.com/deploy/viewDeploymentProjectVersions.action?id=2162689)|
"
2020-01-15 20:33:34 UTC,testmail-ihub/CreateCommitComment-User,testmail-ihub,Comment3
2020-01-30 13:38:04 UTC,tiberlas/Doctor-Help,n-dusan,![](https://github.trello.services/images/mini-trello-icon.png) [#3.20 Vacation request validation](https://trello.com/c/fVbE1l1o/350-320-vacation-request-validation)
2020-01-20 21:21:47 UTC,WaylonWalker/waylonwalkerv2,now[bot],"
Successfully deployed to following URLs:

* https://waylonwalkerv2-4wnc4lbo3.now.sh
* https://waylonwalkerv2.now.sh
* https://waylonwalkerv2.waylonwalker.now.sh
* https://waylonwalkerv2-git-master.waylonwalker.now.sh
	"
2020-01-10 11:29:30 UTC,uodestiny/brokerinsights,uodestiny,"This is kind of a habbit Ive got from my current employer, I agree with you, especially as Vue can handle animations etc too! Im not using jquery at all in this demo so it can be removed."
2020-01-08 20:02:47 UTC,miguelgrinberg/microdot,jcw,"Please define ""soon"" - haha :)"
2020-01-10 12:25:19 UTC,denyszamiatin/ma_shop,denyszamiatin,we have only one record in Order for all OrderProducts
2020-01-26 14:01:26 UTC,c-to-the-fazzy/cardiathena,irobert4,"I meant the function trick_winner, I wasn't sure if we needed trick_winner since we already have trick leader. The trick_winner I imagine is when that 31-34 encoding is set."
2020-01-30 13:32:19 UTC,bambootest-bot/githubtest,bambootest-bot,"# Specs execution successful
:scroll: [View logs](http://bamboo.comnull)
### Plans updated

Bamboo specs have been successfully imported and the following plans have been updated.

Project | Plan | Build
---|---|---
[Test](http://bamboo.com/browse/TEST) | [Comment test](http://bamboo.com/browse/TEST-CTEST)  | :white_check_mark: [\#1](http://bamboo.com/browse/TEST-CTEST-1)
[New project](http://bamboo.com/browse/NEW) | [Disabled plan](http://bamboo.com/browse/NEW-DISABLED) **disabled** | :white_check_mark: [\#1](http://bamboo.com/browse/NEW-DISABLED-1)

### Deployments updated

Bamboo specs have been successfully imported and the following deployment projects have been updated.

|Deployment project |
----|
[Deployment test](http://bamboo.com/deploy/viewDeploymentProjectVersions.action?id=2162689)|
"
2020-01-01 07:53:22 UTC,chriselrod/LoopVectorization.jl,chriselrod,@JuliaRegistrator register()
2020-01-06 15:04:12 UTC,sharadnaik11/myfirstgitpoject,sharadnaik11,added
2020-01-31 13:41:41 UTC,GregiCyberKing/github,GregiCyberKing,reposity
2020-01-06 07:01:42 UTC,horatiuhandragel1979/scoala-informala-homework-5,lucianpalagheSIIT,"Majoritatea rezolvarilor merg, ar fi trebuit sa scrii mai multe functii decat cele pe care le-ai scris, comentariile si Javadoc-ul ar fi trebuit sa fie in engleza. Overall, e bine."
2020-01-04 19:52:10 UTC,gluap/pyduofern,gluap,makes sense -> done
2020-01-04 19:59:27 UTC,cophaso/pawprint-app,now[bot],"
Successfully deployed to following URLs:

* https://pawprint-app-5mp8izp10.now.sh
* https://pawprint-app.now.sh
* https://pawprint-app.cophaso.now.sh
* https://pawprint-app-git-master.cophaso.now.sh
	"
2020-01-17 11:43:23 UTC,JamesBliss/footballQL,now[bot],"
Successfully deployed to following URLs:

* https://footballql-6pe2d9ryq.now.sh
* https://footballql.com
* https://footballql.thejamesbliss.now.sh
* https://footballql-git-master.thejamesbliss.now.sh
	"
2020-01-04 17:18:59 UTC,jozzy117/uniquePin-generator,jozzy117,Screenshot of working pages
2020-01-09 10:07:56 UTC,WordPress/gutenberg,ellatrix,@epiqueras What do these components do?
2020-01-10 03:36:51 UTC,haskell/containers,gereeter,"The biggest application in my mind is helping to read the `validWith` code and understand the invariants. They could just be comments, of course, but it seemed simpler and possibly useful. An actual application is that by showing the parts of a tree that passed validation next to the parts that failed, you can compare to better understand what changed. I know the ""share more bits with"" metric has been occasionally confusing around negative numbers, and being able to look visually at correct and incorrect cases might help build intuition. It also is simpler to implement this way: `counterexample` takes an arbitrary `Testable` property, even if that property is always `True`, and `Bool` is `Testable` so it gets automatically converted, while handling success and failure separately would require the equivalent of `if success then True else False`."
2020-01-22 21:49:06 UTC,k9mail/k-9,cketti,@mpas97: Thanks. PR #4469 should fix the issue.
2020-01-07 05:31:52 UTC,ceph/ceph,tchaikov,ditto. s/configYAML/yaml/
2020-01-04 10:27:09 UTC,LimeSurvey/LimeSurvey,Shnoulle,"For information : there are no issue when update question code . This can be done in master.

Why removing this ? "
2020-01-02 18:56:09 UTC,bvcms/bvcms,bvcms-teamcity,"TeamCity Bvcms / Build [Build 3298](https://builds.tpsdb.com/viewLog.html?buildId=11040&buildTypeId=Bvcms_Build) outcome was **SUCCESS**
Summary: Tests passed: 216 Build time: 00:26:14"
2020-01-30 14:25:52 UTC,opf/openproject,ulferts,"So if I understand you correctly, the script will work with OpenProject on behalf of one user, an admin user. It does not switch to other users, e.g. non admin users, as well.

I see two options then:
* Basic auth configured in the application via [configuration.yml](https://stackoverflow.com/a/45932877/3206935). This requires configuring the OpenProject instance accordingly, but does not require the admin user to log in to get a token.
* [OAuth2 with client_credentials](https://docs.openproject.org/api/#header-oauth2.0-authentication-1). This is the more secure option but requires configuring the OAuth client within OpenProject first.

Other than that, my question would still have to be answered first: 

> How would you expect the client, requesting the API key in a RESTful way, to authenticate?"
2020-01-22 17:20:51 UTC,NREL/EnergyPlus,nrel-bot-3,"170771208_Issue7692 (Unknown) - x86_64-MacOS-10.13-clang: OK (2617 of 2617 tests passed, 1 test warnings)

Messages:\n
 * 1 test had: BND diffs.




<a href='https://nrel.github.io/EnergyPlusBuildResults/EnergyPlus-6cda2a7cfcd99d0ca75105aa62e4c6870d377b0d-x86_64-MacOS-10.13-clang.html'>![Build Badge](http://img.shields.io/badge/build%20status-warnings-yellow.png)</a> <a href='https://nrel.github.io/EnergyPlusBuildResults/EnergyPlus-6cda2a7cfcd99d0ca75105aa62e4c6870d377b0d-x86_64-MacOS-10.13-clang.html'>![Test Badge](http://img.shields.io/badge/tests%20passed-100.0%25-green.png)</a> 
"
2020-01-07 18:50:44 UTC,NREL/EnergyPlus,nrel-bot-2c,"7451_Documentation_2019b (jmarrec) - x86_64-Linux-Ubuntu-18.04-gcc-7.4-IntegrationCoverage-Debug: OK (674 of 675 tests passed, 0 test warnings)



Failures:\n

integration Test Summary
 * Passed: 674
 * Timeout: 1


<a href='https://nrel.github.io/EnergyPlusBuildResults/EnergyPlus-69926251ab46fcd0b38ae20f94f919b718a78ef6-x86_64-Linux-Ubuntu-18.04-gcc-7.4-IntegrationCoverage-Debug.html'>![Build Badge](http://img.shields.io/badge/build%20status-passing-green.png)</a> <a href='https://nrel.github.io/EnergyPlusBuildResults/EnergyPlus-69926251ab46fcd0b38ae20f94f919b718a78ef6-x86_64-Linux-Ubuntu-18.04-gcc-7.4-IntegrationCoverage-Debug.html'>![Test Badge](http://img.shields.io/badge/tests%20passed-99.85%25-yellow.png)</a> <a href='https://nrel.github.io/EnergyPlusBuildResults/EnergyPlus-69926251ab46fcd0b38ae20f94f919b718a78ef6-x86_64-Linux-Ubuntu-18.04-gcc-7.4-IntegrationCoverage-Debug.html'>![Coverage Badge](http://img.shields.io/badge/coverage%20status-68.4%25-green.png)</a>
"
2020-01-07 02:46:50 UTC,parallaxinc/solo,MatzElectronics,Making strings constants.
2020-01-24 00:18:27 UTC,moltin/moltin-stripe-paymentintents,now[bot],"
Successfully deployed to following URLs:

* https://moltin-stripe-paymentintents-40enocoos.now.sh
* https://moltin-stripe-paymentintents.now.sh
* https://moltin-stripe-paymentintents.moltin.now.sh
* https://moltin-stripe-paymentintents-git-master.moltin.now.sh
	"
2020-01-24 19:31:17 UTC,plumed/plumed2,PlumedBot,"Found spelling mistakes in documentation file ANNMODPP.md<< 
 annfunc feedforward annfunc ANNfunc ANNfunc ANNfunc ANNfunc 
 Found spelling mistakes in documentation file GlossaryPP.md<< 
 ANNMOD Multithermal multibaric 
 Found spelling mistakes in documentation file ModulesPP.md<< 
 annfunc 
 Found spelling mistakes in documentation file VESPP.md<< 
 Multithermal multibaric 
 Found spelling mistakes in documentation file automatic/amber18.txt<< 
 pmemd pmemd pmemd 
 Found spelling mistakes in documentation file automatic/ANN.txt<< 
 annfunc annfunc feedforward ann ann th 
 Found spelling mistakes in documentation file automatic/MAZE_MEMETIC_SAMPLING.txt<< 
 memetics 
 Found spelling mistakes in documentation file automatic/MAZE_OPTIMIZER_BIAS.txt<< 
 Rescaled 
 Found spelling mistakes in documentation file automatic/MAZE_RANDOM_ACCELERATION_MD.txt<< 
 acceleratiob 
 Found spelling mistakes in documentation file automatic/MOLINFO.txt<< 
 subprocess subprocess ok ok 
 Found spelling mistakes in documentation file automatic/REWEIGHT_TEMP_PRESS.txt<< 
 isothermal mathcal mathcal mathcal isothermal mathcal mathcal isothermal NP'T mathcal mathcal isothermal NP'T mathcal mathcal mathcal postprocess postprocess 
 Found spelling mistakes in documentation file automatic/TD_MULTICANONICAL.txt<< 
 multicanonical TRESHOLD smooting multicanonical multicanonical 
 Found spelling mistakes in documentation file automatic/TD_MULTITHERMAL_MULTIBARIC.txt<< 
 Multithermal multibaric multithermal multibaric barostat rigurously multicanonical mathcal mathcal TP multicanonical barostat smooting multithermal multibaric multithermal multibaric fcc GPa fcc 
 Found spelling mistakes in documentation file automatic/VES_DELTA_F.txt<< 
 AdaGrad rescale STRIDEs rescaled indipendent MetaD oufile fesA fesA 
 Found spelling mistakes in documentation file ../CHANGES/v2.4.md<< 
 Lixin PabloPiaggi 
 Found spelling mistakes in documentation file ../CHANGES/v2.6.md<< 
 sidechain PMEMD Viktor Drobot previosly ADDEXP removerd 
 Found spelling mistakes in documentation file tutorials/aaa-master-ISDD-1.txt<< 
 ISDD handson 
 Found spelling mistakes in documentation file tutorials/aaa-master-ISDD-2.txt<< 
 ISDD handson ISDD ISDD 
 Found spelling mistakes in documentation file tutorials/hrex.txt<< 
 dlb 
 "
2020-01-09 12:43:05 UTC,smogon/pokemon-showdown,spergmoment,are the abilities they can't switch to also banned in BH?
2020-01-07 13:02:16 UTC,widelands/widelands,poison4999,preload_map(true);
2020-01-09 12:12:52 UTC,Codeinwp/optimole-wp,GrigoreMihai,"if we exit here and the theme is on the notice will not be displayed, It would be better if we combine the old logic with these changes ? @selul "
2020-01-12 11:12:05 UTC,tiliado/cef,cztomczak,@fenryxo Should we send these fix upstream? (Issue 2026). Did you test it with cefclient? (./cefclient and ./cefclient --hide-controls)
2020-01-03 13:51:51 UTC,ripe-tech/ripe-components-vue,now[bot],"
Successfully deployed to following URLs:

* https://ripe-components-vue-fjithyu02.now.sh
* https://ripe-components-vue.platforme.now.sh
* https://ripe-components-vue-git-master.platforme.now.sh
	"
2020-01-24 04:04:53 UTC,flutter/flutter,jacob314,"if the frame is now matching the full package uri, maybe specify it directly rather than breaking it up across multiple arguments?"
2020-01-23 23:02:50 UTC,energy-plus/EnergyPlus,nrel-bot-2b,"SubcoolReheatMode (energy-plus) - x86_64-Linux-Ubuntu-18.04-custom_check: Build Failed






<a href='https://nrel.github.io/EnergyPlusBuildResults/EnergyPlus-b6dd9a3cf46c82638d8ccbb8e12322b9d63e2009-PR7707-x86_64-Linux-Ubuntu-18.04-custom_check.html'>![Build Badge](http://img.shields.io/badge/build%20status-failing-red.png)</a>  
"
2020-01-29 02:21:32 UTC,rchain/pi4u,dckc,"""it turns out"" overused?"
2020-01-25 04:50:33 UTC,devpunks/snuggsi,now[bot],"
Failed to assign a domain to your deployment due to the following error:

~~~
The chosen alias ""snuggsi.now.sh"" is already in use.
~~~

([Learn more](https://zeit.co/sneakyhead/snuggsi/29jjqi154) or [visit](https://snuggsi-29jjqi154.now.sh) the non-aliased deployment)
"
2020-01-08 16:15:50 UTC,instagrambot/instabot,reliefs,"Just to make this clear to other contributors.. @ohld contacted me wanted me to follow the license (which i did), then he tried to get my repo taken down for using instabot.. He then realized his license was not signed, he then signed it and wanted me to implement his new license into my repo which forked instabot months ago. I saw the license changed and that is not what i agreed to when i contributed the code and wanted my code deleted from this repo.

Just so you guys know, that if you use instabot and you are NOT breaking the license.. @ohld will still try to get you closed down.. The real reason @ohld wants instabotai closed down is because it has better block protection and i don't want to help him. I told him to look at my source-code and commits to find the fix, that totally pissed them off.

I have spent over 50 hours helping him with instabot website, seo and other stuff. I still have admin access to instabot google analytics which proves i helped a lot to this project.. I would not have done this and used this framework if a knew it was owned by @ohld 

"
2020-01-24 19:28:34 UTC,maemo-leste/hildon-input-method-framework,spinal84,"Please, open a separate issue for this."
2020-01-10 19:02:23 UTC,JobCore/employer-web-client,now[bot],"
Successfully deployed to following URLs:

* https://employer-web-client-gkugxt2ta.now.sh
* https://employer-web-client-iota-ashen.now.sh
* https://employer.jobcore.co
* https://employer-web-client.jobcore.now.sh
* https://employer-web-client-git-master.jobcore.now.sh
	"
2020-01-09 23:17:45 UTC,zeit-github-test/github-e2e-tests-dev-alias-v2-without-alias,now-test[bot],"
Successfully deployed to following URLs:

* https://github-e2e-tests-dev-alias-v2-without-alias-lgaghehh6.now.sh
* https://github-e2e-tests-dev-alias-v2-without-alias.zeit-github-test-dev1.now.sh
* https://github-e2e-tests-dev-alias-v2-without-alias-git-master.zeit-github-test-dev1.now.sh
	"
2020-01-10 07:27:03 UTC,zeit-github-test/github-e2e-test-dev-forked-repo,now-test[bot],"
Successfully deployed to following URLs:

* https://ccc-40v5f9gu8.now.sh
* https://ccc.zeit-github-test-dev1.now.sh
* https://ccc-git-master.zeit-github-test-dev1.now.sh
	"
2020-01-24 19:50:05 UTC,zeit-github-test/github-e2e-test-dev-forked-repo,now-test[bot],"
Successfully deployed to following URLs:

* https://ccc-jkwyig1dg.now.sh
* https://ccc.zeit-github-test-dev1.now.sh
* https://ccc-git-master.zeit-github-test-dev1.now.sh
	"
2020-01-17 19:37:51 UTC,esphome/esphome,brandond,"It's already merged to dev, do you think it needs a backport or something?"
2020-01-05 17:32:10 UTC,habib-university/CG-Research,AnisaAisha,Updated
2020-01-24 11:11:02 UTC,roleypoly/ui,now[bot],"
You are pushing commits at a very fast pace (across the whole organization).
Due to that, we cannot deploy the commit b6ec0ced7a728102ae62ef96cf4f4bd1bed9aff5.

You can try again later or [upgrade](https://zeit.co/teams/roleypoly/settings/plan) your plan.
		"
2020-01-29 13:10:11 UTC,AIR-FOI-HR/AIR1929,tjukica,#45 
2020-01-25 14:54:43 UTC,cane-see-project/canesee-android,mhashim6,"Here, why return the Sensor? We spent 2 months just to hide it from the eyes of the ""outside world"". This should be like:
``` kotlin
    fun activate() {
        cane = portal.connect()
    }
```"
2020-01-17 22:01:06 UTC,cyf-rome-team-thor/dashboard-kanban,now[bot],"
Successfully deployed to following URLs:

* https://dashboard-kanban-5apbeitx2.now.sh
* https://dashboard-kanban.now.sh
* https://dashboard-kanban.balanza.now.sh
* https://dashboard-kanban-git-master.balanza.now.sh
	"
2020-01-08 13:20:44 UTC,PicBook1/PicBook_UI,gerizangeru,"
[assets.zip](https://github.com/PicBook1/PicBook_UI/files/4035423/assets.zip)
"
2020-01-09 01:34:37 UTC,cs-24-bw-mud/front-end,now[bot],"
Successfully deployed to following URLs:

* https://front-end-ornzp0hqv.now.sh
* https://front-end-khaki-omega.now.sh
* https://front-end.cs-24-bw-mud.now.sh
* https://front-end-git-dev.cs-24-bw-mud.now.sh
	"
2020-01-24 18:37:51 UTC,420-Beaudoin-Cours/c1atelier1-utilitaires-tableaux-isaac002FC,420-Beaudoin,Attention / 0
