2020-01-06 11:33:42 UTC,THRILOKNATH6/thrilok1,THRILOKNATH6,Trghhg
2020-01-19 01:51:07 UTC,samrobbins85/world-dying-simulator,now[bot],"
Successfully deployed to following URLs:

* https://world-dying-simulator-qjocnw54o.now.sh
* https://world-dying-simulator.now.sh
* https://world-dying.now.sh
* https://world-dying-simulator.samrobbins1.now.sh
* https://world-dying-simulator-git-master.samrobbins1.now.sh
	"
2020-01-20 00:01:48 UTC,Darkorinth/SR-Unlimited-Beta,Darkorinth,Part 2 steps 22-27
2020-01-30 08:23:28 UTC,Shujaat123/AFP-LSE,Shujaat123,"This dataset consist of 481-AFPs and 9,493-Non-AFPs.
"
2020-01-12 19:26:50 UTC,RobertBeaudenon/SOEN390-CampusGuideMap,JeremiahTee,github name is jeremiahtee
2020-01-18 19:06:57 UTC,1hrbuild/1hrbuild,now[bot],"
Successfully deployed to following URLs:

* https://1hrbuild-5hzhg7ml0.now.sh
* https://1hrbuild.tech
* https://1hrbuild.buildit.now.sh
* https://1hrbuild-git-master.buildit.now.sh
	"
2020-01-14 09:58:54 UTC,jodyphelan/tbdb,jodyphelan,"## Mutation confidence results
This is an automated report generated by this pull request using circleCI
### Mutations added
| Drug | Gene | Mutation | # Isolates | Lineage | OR | OR-pval | LR | LR-pval | confidence |
|-|-|-|-|-|-|-|-|-|-|
|delamanid|Rv3547|p.Leu107Pro|0||1.0|1.0|1.0|1.0|indeterminate|
|delamanid|Rv3547|c.51_101del|0||1.0|1.0|1.0|1.0|indeterminate|
"
2020-01-13 21:26:32 UTC,addicode/mahtot,addicode,it is my first time to try software programes I want to practice more but this week I have busy schedule
2020-01-07 10:16:43 UTC,Nivelin/icloud,Nivelin,.github/workflows/main.yml
2020-01-23 06:57:17 UTC,wunnle/next-md-portfolio,now[bot],"
Failed to assign a domain to your deployment due to the following error:

~~~
The domain wunnle.dev is not verfied and cannot be used as an alias.
~~~

([Learn more](https://zeit.co/wunnle/portfolio/nughdcgoe) or [visit](https://portfolio-nughdcgoe.now.sh) the non-aliased deployment)
"
2020-01-30 17:23:03 UTC,informagician/web26demo,now[bot],"
Failed to assign a domain to your deployment due to the following error:

~~~
ACME request was unauthorized.
~~~

([Learn more](https://zeit.co/informagician/web26demo/8h34jdhgn) or [visit](https://web26demo-8h34jdhgn.now.sh) the non-aliased deployment)
"
2020-01-31 03:46:05 UTC,Ilyadubinski/aa_classwork,Ilyadubinski,W7D4******
2020-01-28 03:49:14 UTC,hothienlac/dorm,now[bot],"
Deployment failed with the following error:

~~~
You defined 1 build that did not match any source files (please ensure they are NOT defined in .nowignore):
~~~
			"
2020-01-06 09:11:49 UTC,wangchenxulql/TSPS_page,now[bot],"
Successfully deployed to following URLs:

* https://tsps-afn515nz8.now.sh
* https://tsps.now.sh
* https://tsps.wangchenxu.now.sh
* https://tsps-git-master.wangchenxu.now.sh
	"
2020-01-05 01:20:49 UTC,SnO2WMaN/librarian-bot,now[bot],"
Successfully deployed to following URLs:

* https://librarian-bot-kut5sfskt.now.sh
* https://librarian-bot.now.sh
* https://librarian-bot.sno2wman.now.sh
* https://librarian-bot-git-master.sno2wman.now.sh
	"
2020-01-07 00:25:47 UTC,Warsen/KamiHime-scripts,thejiji,"great to see these old scripts being updated, you have saved my sanity and interest in KH!"
2020-01-28 16:55:52 UTC,RainbowMiner/RainbowMiner,Minerx117,do you own compile nigger
2020-01-09 07:37:23 UTC,castellanos/my-page,now[bot],"
Deployment failed with the following error:

~~~
Your `package.json` file is missing a `build` property inside the `scripts` property.
~~~
			"
2020-01-17 11:00:15 UTC,ioumu8/Thousandaire,b821213,"Did you test this one? The output should be ValueError: [error message], so I think there is no need to mention ValueError in error message again."
2020-01-16 16:43:36 UTC,BVDV24/BVDV24.github.io,BVDV24,"nee
"
2020-01-31 06:54:00 UTC,shng6815/acmicpc,shng6815,LCS -> LIS
2020-01-29 18:23:39 UTC,sophobit/PFMCPP_Project4,matkatmusic,"You have the same return statement twice.  Please D.R.Y. this.  
You only need to warn if the denominator is 0. 
You will ALWAYS return `num/den`"
2020-01-04 10:53:29 UTC,greearb/linux-ct-5.2,omertuc,"I've been trying to get my Dell XPS 13 WiFi drivers to work for weeks now and this kernel patch finally fixed it for me (unrelated to CT).

Out of interest, care to explain what is ""ADHOC mode""? Why / how did I have it enabled? Is there any way I could've fixed the problem without patching the kernel like this?"
2020-01-28 11:00:55 UTC,hiulit/itchio-godot-scraper,now[bot],"
Successfully deployed to following URLs:

* https://itchio-godot-scraper-f03g3mp4m.now.sh
* https://itchio-godot-scraper.now.sh
* https://itchio-godot-scraper.hiulit.now.sh
* https://itchio-godot-scraper-git-master.hiulit.now.sh
	"
2020-01-27 11:12:38 UTC,charlottekyng/usb-modules-v2,abenjak,"Regarding `DECONSTRUCTSIGS_NUMCORES` and the new signature matrices, `deconstructSigs.R` breaks at
```
		if (opt$num_cores>1) {
			cl <- makeCluster(opt$num_cores, ""SOCK"")
			ws <- parLapply(cl, rownames(sigs), function(sample,sigs, ...) {
				library(deconstructSigs)
				whichSignatures(tumor.ref = sigs,
								sample.id = sample,
								signatures.ref = get(opt$signatures.ref),
								contexts.needed = T, ...)
			}, sigs, tri.counts.method = opt$tri.count.method, associated = opt$associated)
			stopCluster(cl)
		}
```

And the error looks like this (using 8 cores):
```
Error in checkForRemoteErrors(val) : 
  8 nodes produced errors; first error: object 'opt' not found
Calls: parLapply ... clusterApply -> staticClusterApply -> checkForRemoteErrors
```

I don't know what the source of the problem is. The only difference between the `ignatures.cosmic` and the new matrices is in their row names:
```
> head(signatures.cosmic[1:5])
                 A[C>A]A      A[C>A]C      A[C>A]G      A[C>A]T     C[C>A]A
Signature.1 0.0110983262 0.0091493407 1.490070e-03 0.0062338852 0.006595870
Signature.2 0.0006827082 0.0006191072 9.927896e-05 0.0003238914 0.000677445
Signature.3 0.0221723068 0.0178716754 2.138340e-03 0.0162651456 0.018781726
Signature.4 0.0365000000 0.0309000000 1.830000e-02 0.0243000000 0.046100000
Signature.5 0.0149415477 0.0089609180 2.207846e-03 0.0092069053 0.009674904
Signature.6 0.0017000000 0.0028000000 5.000000e-04 0.0019000000 0.010100000

> head(signatures.exome.cosmic.v3.may2019[1:5],10)
          A[C>A]A     A[C>A]C     A[C>A]G     A[C>A]T     C[C>A]A
SBS1  0.000371161 0.001235459 0.000148379 0.000548660 0.000171135
SBS2  0.000000506 0.000166799 0.000091500 0.000087200 0.000237324
SBS3  0.017372710 0.017869145 0.002931684 0.010447932 0.024580879
SBS4  0.030941737 0.031545715 0.022960529 0.022072443 0.077337537
SBS5  0.009810659 0.009992683 0.003030899 0.005533286 0.007957358
SBS6  0.000212145 0.000338441 0.000052100 0.000092000 0.001191647
SBS7a 0.000050400 0.000174475 0.000107520 0.000190755 0.000448556
SBS7b 0.001645611 0.000420866 0.000263677 0.000512413 0.001049480
SBS7c 0.004996391 0.001534660 0.000781458 0.002074785 0.000146905
SBS7d 0.000040300 0.000988034 0.000500698 0.004130873 0.018992344
```

```
> attributes(signatures.cosmic)
$names
 [1] ""A[C>A]A"" ""A[C>A]C"" ""A[C>A]G"" ""A[C>A]T"" ""C[C>A]A"" ""C[C>A]C"" ""C[C>A]G""
 [8] ""C[C>A]T"" ""G[C>A]A"" ""G[C>A]C"" ""G[C>A]G"" ""G[C>A]T"" ""T[C>A]A"" ""T[C>A]C""
[15] ""T[C>A]G"" ""T[C>A]T"" ""A[C>G]A"" ""A[C>G]C"" ""A[C>G]G"" ""A[C>G]T"" ""C[C>G]A""
[22] ""C[C>G]C"" ""C[C>G]G"" ""C[C>G]T"" ""G[C>G]A"" ""G[C>G]C"" ""G[C>G]G"" ""G[C>G]T""
[29] ""T[C>G]A"" ""T[C>G]C"" ""T[C>G]G"" ""T[C>G]T"" ""A[C>T]A"" ""A[C>T]C"" ""A[C>T]G""
[36] ""A[C>T]T"" ""C[C>T]A"" ""C[C>T]C"" ""C[C>T]G"" ""C[C>T]T"" ""G[C>T]A"" ""G[C>T]C""
[43] ""G[C>T]G"" ""G[C>T]T"" ""T[C>T]A"" ""T[C>T]C"" ""T[C>T]G"" ""T[C>T]T"" ""A[T>A]A""
[50] ""A[T>A]C"" ""A[T>A]G"" ""A[T>A]T"" ""C[T>A]A"" ""C[T>A]C"" ""C[T>A]G"" ""C[T>A]T""
[57] ""G[T>A]A"" ""G[T>A]C"" ""G[T>A]G"" ""G[T>A]T"" ""T[T>A]A"" ""T[T>A]C"" ""T[T>A]G""
[64] ""T[T>A]T"" ""A[T>C]A"" ""A[T>C]C"" ""A[T>C]G"" ""A[T>C]T"" ""C[T>C]A"" ""C[T>C]C""
[71] ""C[T>C]G"" ""C[T>C]T"" ""G[T>C]A"" ""G[T>C]C"" ""G[T>C]G"" ""G[T>C]T"" ""T[T>C]A""
[78] ""T[T>C]C"" ""T[T>C]G"" ""T[T>C]T"" ""A[T>G]A"" ""A[T>G]C"" ""A[T>G]G"" ""A[T>G]T""
[85] ""C[T>G]A"" ""C[T>G]C"" ""C[T>G]G"" ""C[T>G]T"" ""G[T>G]A"" ""G[T>G]C"" ""G[T>G]G""
[92] ""G[T>G]T"" ""T[T>G]A"" ""T[T>G]C"" ""T[T>G]G"" ""T[T>G]T""

$class
[1] ""data.frame""

$row.names
 [1] ""Signature.1""  ""Signature.2""  ""Signature.3""  ""Signature.4""  ""Signature.5"" 
 [6] ""Signature.6""  ""Signature.7""  ""Signature.8""  ""Signature.9""  ""Signature.10""
[11] ""Signature.11"" ""Signature.12"" ""Signature.13"" ""Signature.14"" ""Signature.15""
[16] ""Signature.16"" ""Signature.17"" ""Signature.18"" ""Signature.19"" ""Signature.20""
[21] ""Signature.21"" ""Signature.22"" ""Signature.23"" ""Signature.24"" ""Signature.25""
[26] ""Signature.26"" ""Signature.27"" ""Signature.28"" ""Signature.29"" ""Signature.30""

> attributes(signatures.exome.cosmic.v3.may2019)
$names
 [1] ""A[C>A]A"" ""A[C>A]C"" ""A[C>A]G"" ""A[C>A]T"" ""C[C>A]A"" ""C[C>A]C"" ""C[C>A]G""
 [8] ""C[C>A]T"" ""G[C>A]A"" ""G[C>A]C"" ""G[C>A]G"" ""G[C>A]T"" ""T[C>A]A"" ""T[C>A]C""
[15] ""T[C>A]G"" ""T[C>A]T"" ""A[C>G]A"" ""A[C>G]C"" ""A[C>G]G"" ""A[C>G]T"" ""C[C>G]A""
[22] ""C[C>G]C"" ""C[C>G]G"" ""C[C>G]T"" ""G[C>G]A"" ""G[C>G]C"" ""G[C>G]G"" ""G[C>G]T""
[29] ""T[C>G]A"" ""T[C>G]C"" ""T[C>G]G"" ""T[C>G]T"" ""A[C>T]A"" ""A[C>T]C"" ""A[C>T]G""
[36] ""A[C>T]T"" ""C[C>T]A"" ""C[C>T]C"" ""C[C>T]G"" ""C[C>T]T"" ""G[C>T]A"" ""G[C>T]C""
[43] ""G[C>T]G"" ""G[C>T]T"" ""T[C>T]A"" ""T[C>T]C"" ""T[C>T]G"" ""T[C>T]T"" ""A[T>A]A""
[50] ""A[T>A]C"" ""A[T>A]G"" ""A[T>A]T"" ""C[T>A]A"" ""C[T>A]C"" ""C[T>A]G"" ""C[T>A]T""
[57] ""G[T>A]A"" ""G[T>A]C"" ""G[T>A]G"" ""G[T>A]T"" ""T[T>A]A"" ""T[T>A]C"" ""T[T>A]G""
[64] ""T[T>A]T"" ""A[T>C]A"" ""A[T>C]C"" ""A[T>C]G"" ""A[T>C]T"" ""C[T>C]A"" ""C[T>C]C""
[71] ""C[T>C]G"" ""C[T>C]T"" ""G[T>C]A"" ""G[T>C]C"" ""G[T>C]G"" ""G[T>C]T"" ""T[T>C]A""
[78] ""T[T>C]C"" ""T[T>C]G"" ""T[T>C]T"" ""A[T>G]A"" ""A[T>G]C"" ""A[T>G]G"" ""A[T>G]T""
[85] ""C[T>G]A"" ""C[T>G]C"" ""C[T>G]G"" ""C[T>G]T"" ""G[T>G]A"" ""G[T>G]C"" ""G[T>G]G""
[92] ""G[T>G]T"" ""T[T>G]A"" ""T[T>G]C"" ""T[T>G]G"" ""T[T>G]T""

$row.names
 [1] ""SBS1""   ""SBS2""   ""SBS3""   ""SBS4""   ""SBS5""   ""SBS6""   ""SBS7a""  ""SBS7b"" 
 [9] ""SBS7c""  ""SBS7d""  ""SBS8""   ""SBS9""   ""SBS10a"" ""SBS10b"" ""SBS11""  ""SBS12"" 
[17] ""SBS13""  ""SBS14""  ""SBS15""  ""SBS16""  ""SBS17a"" ""SBS17b"" ""SBS18""  ""SBS19"" 
[25] ""SBS20""  ""SBS21""  ""SBS22""  ""SBS23""  ""SBS24""  ""SBS25""  ""SBS26""  ""SBS27"" 
[33] ""SBS28""  ""SBS29""  ""SBS30""  ""SBS31""  ""SBS32""  ""SBS33""  ""SBS34""  ""SBS35"" 
[41] ""SBS36""  ""SBS37""  ""SBS38""  ""SBS39""  ""SBS40""  ""SBS41""  ""SBS42""  ""SBS43"" 
[49] ""SBS44""  ""SBS45""  ""SBS46""  ""SBS47""  ""SBS48""  ""SBS49""  ""SBS50""  ""SBS51"" 
[57] ""SBS52""  ""SBS53""  ""SBS54""  ""SBS55""  ""SBS56""  ""SBS57""  ""SBS58""  ""SBS59"" 
[65] ""SBS60"" 

$class
[1] ""data.frame""
```

"
2020-01-29 03:21:08 UTC,mynenik/kForth-32,mynenik,"SW@ ( a -- n ) signed word fetch; equivalent to kForth's existing ""W@""
UW@ ( a -- u ) unsigned word fetch
SL@ ( a -- n ) signed long (32-bit integer) fetch; equivalent to ""@"" in kforth32
UL@ ( a -- u ) unsigned long (32-bit integer) fetch; equivalent to ""@"" in kforth32
L!  ( n a -- ) long store; equivalent to ""!"" in kforth32

""W@"" has inconsistent meaning within different Forth systems. On some systems W@ is a synonym to UW@ while, on other systems (kForth), W@ is synonymous with SW@. ""W@"" is now deprecated, and users should gradually convert their code to use SW@ as a replacement.

In 64-bit kForth (kforth64), SL@ and UL@ are not synonymous with ""@"" and L! is not synonymous with ""!"". These words are provided in kForth-32 for portability of code between 32-bit and 64-bit systems, when the datum size must be specified precisely for memory access.
"
2020-01-09 17:14:17 UTC,cisinindore/NeuralNotes,DarthVanger,"It is `file`, not `files`. It is an element of an array, not the whole array."
2020-01-21 11:14:27 UTC,yuri-gr/web_guide,now[bot],"
Successfully deployed to following URLs:

* https://web-guide-jp52hmfwv.now.sh
* https://web-guide.now.sh
* https://web-guide.yurikarkhachev.now.sh
* https://web-guide-git-master.yurikarkhachev.now.sh
	"
2020-01-01 19:26:03 UTC,argumentativeyouth/pblog,now[bot],"
Successfully deployed to following URLs:

* https://pblog-qvwiew7ec.now.sh
* https://pblog.now.sh
* https://pblog.argumentativeyouth.now.sh
* https://pblog-git-master.argumentativeyouth.now.sh
	"
2020-01-18 16:49:28 UTC,samrobbins85/world-dying-simulator,now[bot],"
Successfully deployed to following URLs:

* https://world-dying-simulator-5j6pbjgnz.now.sh
* https://world-dying-simulator.now.sh
* https://world-dying.now.sh
* https://world-dying-simulator.samrobbins1.now.sh
* https://world-dying-simulator-git-master.samrobbins1.now.sh
	"
2020-01-02 15:14:55 UTC,NiHuShu/dolaunch,NiHuShu,just download source code and run build.bat
2020-01-22 18:49:41 UTC,bambootest-bot/githubtest,bambootest-bot,"# Specs execution successful
:scroll: [View logs](http://bamboo.comnull)
### Plans updated

Bamboo specs have been successfully imported and the following plans have been updated.

Project | Plan | Build
---|---|---
[Test](http://bamboo.com/browse/TEST) | [Comment test](http://bamboo.com/browse/TEST-CTEST)  | :white_check_mark: [\#1](http://bamboo.com/browse/TEST-CTEST-1)
[New project](http://bamboo.com/browse/NEW) | [Disabled plan](http://bamboo.com/browse/NEW-DISABLED) **disabled** | :white_check_mark: [\#1](http://bamboo.com/browse/NEW-DISABLED-1)

### Deployments updated

Bamboo specs have been successfully imported and the following deployment projects have been updated.

|Deployment project |
----|
[Deployment test](http://bamboo.com/deploy/viewDeploymentProjectVersions.action?id=2162689)|
"
2020-01-31 21:42:05 UTC,damianfrizzi/Comparison,now[bot],"
Successfully deployed to following URLs:

* https://comparison-jfko6ji8u.now.sh
* https://comparison-nu.now.sh
* https://comparison.frizzidamian.now.sh
* https://comparison-git-master.frizzidamian.now.sh
	"
2020-01-05 23:48:41 UTC,Quillan13/bracket-app,now[bot],"
Successfully deployed to following URLs:

* https://bracket-app-b73yfrkf7.now.sh
* https://bracketapp.now.sh
* https://bracket-app.quillan131518.now.sh
* https://bracket-app-git-master.quillan131518.now.sh
	"
2020-01-20 21:29:16 UTC,fhs/ZipFile.jl,JuliaRegistrator,"Registration pull request updated: [JuliaRegistries/General/8115](https://github.com/JuliaRegistries/General/pull/8115)

After the above pull request is merged, it is recommended that a tag is created on this repository for the registered package version.

This will be done automatically if [Julia TagBot](https://github.com/apps/julia-tagbot) is installed, or can be done manually through the github interface, or via:
```
git tag -a v0.8.4 -m ""<description of version>"" 631a4ab603f07cb6f28f4b06488988505ea4f11b
git push origin v0.8.4
```
"
2020-01-21 15:49:52 UTC,Pouladzadeh/web_projects,hamidb,"nit: I am allergic to seeing not useful and informative comments in the code. Not only me but also most developers and code reviewers in the world. If the comment is to store something you have done, it should not be here.
Remove them and find a better place to store them. BTW, git has all your previous changes in case you want to roll back. So no need to keep changes as comments."
2020-01-28 05:54:30 UTC,aanishnaidu/Sorting,aanishnaidu,"third change
"
2020-01-16 21:32:27 UTC,CalebGitBritannia/Daoism,CalebGitBritannia,![](https://github.trello.services/images/mini-trello-icon.png) [Ability - Qi Shield](https://trello.com/c/jzqStO0l/31-ability-qi-shield)
2020-01-04 20:45:49 UTC,cophaso/pawprint-app,now[bot],"
Successfully deployed to following URLs:

* https://pawprint-app-k8x2lusup.now.sh
* https://pawprint-app.now.sh
* https://pawprint-app.cophaso.now.sh
* https://pawprint-app-git-master.cophaso.now.sh
	"
2020-01-21 16:25:17 UTC,TecDvr/portfolio-new,now[bot],"
Successfully deployed to following URLs:

* https://portfolio-new-3erorpm3d.now.sh
* https://portfolio-new.now.sh
* https://www.zachgw.com
* https://zachgw.com
* https://portfolio-new.zachgw.now.sh
* https://portfolio-new-git-master.zachgw.now.sh
	"
2020-01-22 11:47:23 UTC,redskycomsultancy/ECL-Client,AlbinLijo,"change this
"
2020-01-05 22:46:40 UTC,victorkernes/ghost,now[bot],"
Deployment failed with the following error:

~~~
ENOENT: no such file or directory, stat '/tmp/LPsJgBsBjxFRwkEN6AinXsgV/repo/current'
~~~
			"
2020-01-11 07:16:26 UTC,MiHouTao-BanGe/hello-world,MiHouTao-BanGe,gqgh
2020-01-30 16:33:25 UTC,Timgill987/Sprint-Challenge-React-Wars,now[bot],"
Deployment failed with the following error:

~~~
Your `package.json` file is missing a `build` property inside the `scripts` property.
~~~
			"
2020-01-05 17:26:05 UTC,okandvn/okansblog,now[bot],"
Failed to assign a domain to your deployment due to the following error:

~~~
The chosen alias ""nextjs-blog-starter.now.sh"" is already in use.
~~~

([Learn more](https://zeit.co/okandvn/okansblog/7amiujt42) or [visit](https://okansblog-7amiujt42.now.sh) the non-aliased deployment)
"
2020-01-16 10:51:36 UTC,et0and/lite.tom.org.nz,now[bot],"
Successfully deployed to following URLs:

* https://litetomorgnz-ks5844ywo.now.sh
* https://lite.tom.org.nz
* https://litetomorgnz.tomupom.now.sh
* https://litetomorgnz-git-master.tomupom.now.sh
	"
2020-01-19 06:57:01 UTC,JamesWrightDev/wordpress_NexJS,now[bot],"
Successfully deployed to following URLs:

* https://wordpressnexjs-nyy47q39y.now.sh
* https://wordpressnexjs.jameswrightdev.now.sh
* https://wordpressnexjs-git-master.jameswrightdev.now.sh
	"
2020-01-22 06:02:49 UTC,apache/hadoop-ozone,bharatviswa504,"I think here we need to catch exception from createVolume, as by the time we create volume, if another client created the same volume, we get VOLUME_ALREADY_EXCEPTION, so this should be safe and ignored.

Same applicable for bucket creation also."
2020-01-25 18:14:59 UTC,CyanogenMod/android_packages_apps_Settings,jlabrecque44,"
flash fastboot system system.img


"
2020-01-16 15:05:20 UTC,sillsdev/Glyssen,palaso-bob,"TeamCity Glyssen / Glyssen pull requests (64-bit) [Build *.*.828.a897f47ed7ef49e92a8e41710687ea55ba0f2082](https://build.palaso.org/viewLog.html?buildId=177593&buildTypeId=Glyssen_GlyssenPullRequests64bitWithSilNuGetPackages) outcome was **SUCCESS**
Summary: Tests passed: 2404, ignored: 18 Build time: 00:10:53"
2020-01-30 21:28:43 UTC,sillsdev/Glyssen,palaso-bob,"TeamCity Glyssen / Glyssen pull requests (64-bit) [Build *.*.886.58cee72d05e8be036a18da84ab5f6f517439cbb8](https://build.palaso.org/viewLog.html?buildId=180169&buildTypeId=Glyssen_GlyssenPullRequests64bitWithSilNuGetPackages) outcome was **SUCCESS**
Summary: Tests passed: 2414, ignored: 18 Build time: 00:10:22"
2020-01-07 02:55:31 UTC,mltframework/mlt,bmatherly,Thanks for fixing that. I'm glad we have those regression tests!
2020-01-14 02:07:43 UTC,NREL/EnergyPlus,nrel-bot,"hvacVRFRefactor (mitchute) - Win64-Windows-10-VisualStudio-16: OK (2597 of 2599 tests passed, 0 test warnings)



Failures:\n

regression Test Summary
 * Passed: 668
 * Failed: 2


<a href='https://nrel.github.io/EnergyPlusBuildResults/EnergyPlus-1808dcab86f60708a2ec36f0478b3ce7c22d8704-Win64-Windows-10-VisualStudio-16.html'>![Build Badge](http://img.shields.io/badge/build%20status-passing-green.png)</a> <a href='https://nrel.github.io/EnergyPlusBuildResults/EnergyPlus-1808dcab86f60708a2ec36f0478b3ce7c22d8704-Win64-Windows-10-VisualStudio-16.html'>![Test Badge](http://img.shields.io/badge/tests%20passed-99.92%25-yellow.png)</a> 
"
2020-01-15 17:21:33 UTC,NREL/EnergyPlus,nrel-bot-2,"EIR_AWHP (mitchute) - x86_64-Linux-Ubuntu-18.04-custom_check: OK (11 of 11 tests passed, 0 test warnings)






<a href='https://nrel.github.io/EnergyPlusBuildResults/EnergyPlus-a8fb2ff4f707bfe4c7172ea878f61adbe142d2a9-x86_64-Linux-Ubuntu-18.04-custom_check.html'>![Build Badge](http://img.shields.io/badge/build%20status-warnings-yellow.png)</a>  
"
2020-01-27 22:00:45 UTC,openwrt/openwrt,adrianschmutzler,"Thanks for reminding me, yes it should."
2020-01-13 15:50:45 UTC,opentable/otj-server,opentable-devops,"TeamCity Architecture Team / Java TC Platform / otj-server / PR Build [Build ???.113/merge.29](https://teamcity.otenv.com/viewLog.html?buildId=11736184&buildTypeId=ArchitectureTeam_JavaTcPlatform_OtjServer_PrBuild) is now running
"
2020-01-02 22:28:22 UTC,libimobiledevice/usbmuxd,dogben,"The tag values can be a shell glob, but not a regexp. See 'man udev': ""Most of the fields support a shell style pattern matching."" https://linux.die.net/man/7/udev

I think ""5ac/12[9a][0-9a-f]/*|5ac/8600/*"" would work."
2020-01-17 14:13:34 UTC,odoo/odoo,eLBati,"@jco-odoo Hi! Do you remember why warehouse should be False?
This can cause problems in multi company environments where ""PoS Orders"" picking type can be selected (in pos.config) by every company but, actually, can only be used by first company created (becasuse linked to `stock.stock_location_stock`)"
2020-01-13 07:23:28 UTC,IBM-Cloud/get-started-php,chgopikrisnamca,"<html>
<head>
	<title>CREATE-Nike</title>
	<style>	
		body{background-color:lightgrey;margin:0px;font-family:Verdana}
		.header{height:60px;background-color:grey;color:white;font-weight:bold;}
		.content{padding:20px;padding-bottom:20px}
		.links{height:200px;margin:20px;float:left;background-color:grey;width:270px}
		.links:hover{height:200px;margin:20px;float:left;background-color: #48575F;}
		.links a{text-decoration:none;color:white;position:relative}
		.links a:hover{text-decoration:none;color:black;position:relative}
		h3{padding:70px;;display:block;text-aligh:center}
		.container{padding:50px}
	</style>
</head>
<body>
	<div class=""header"">
		<span style=""float:left"" class=""content"">
			<img src=""nike.png"" height=""20"" width=""45"" align=""left""> Welcome To CREATE Team
		</span>
		<span style=""float:right;color:black"" class=""content"">
			Nike &nbsp;<img src=""nike.png"" height=""20"" width=""45""> | Just Do It. 
		</span>
	</div>
	<div class=""container"">

	<div class=""links""><h3><a href=""http://pcx.nike.com/"" target=""_blank"">PCX-PROD</a></h3> </div>
	<div class=""links""><h3><a href=""http://pcxtrain.nike.com/"" target=""_blank"">PCX-TRAIN</a></h3></div>
	<div class=""links""><h3><a href=""http://nke-lnx-pcs-p346:8080/ords/cdb/f?p=101:LOGIN_DESKTOP:15034476731986:::::"" target=""_blank"">CDB</a></h3></div>
	<div class=""links""><h3><a href=""http://fwpdm.nike.com/Windchill/"" target=""_blank"">PCM</a></h3></div> 
	<div class=""links""><h3><a href=""https://www.ultimatix.net/"" target=""_blank"">Ultimatix</a></h3> </div>
	<div class=""links""><h3><a href=""https://niketech.service-now.com/"" target=""_blank"">S-Now</a></h3> </div>
		<div class=""links""><h3><a href=""http://beavertn-svr-vs/Manfred/Administration.aspx"" target=""_blank"">MANFRED</a></h3> </div>
	<div class=""links""><h3><a href=""https://nike.account.box.com/login"" target=""_blank"">Box Docs.</a></h3> </div>
	
	</div>

</body>
</html>"
2020-01-17 15:56:46 UTC,JuliaGeo/GeoInterface.jl,visr,@JuliaRegistrator register
2020-01-30 17:32:27 UTC,ICJIA/gata-calendar-demo,now[bot],"
Successfully deployed to following URLs:

* https://gata-calendar-demo-lnxv4n20w.now.sh
* https://gata-calendar-demo.now.sh
* https://gata-calendar-demo.cschweda.now.sh
* https://gata-calendar-demo-git-master.cschweda.now.sh
	"
2020-01-02 07:35:06 UTC,Hack23/cia,datreeio[bot],":point_right: <a href='https://github.com/Hack23/cia/pull/1082/checks?check_run_id=1210537'>click here</a> to view a full list of the events :point_left:
"
2020-01-28 07:45:38 UTC,UnrealCourse/03_BuildingEscape,SuperWig,"You haven't applied the changes talked about and you can see them in the previous commit
https://github.com/UnrealCourse/03_BuildingEscape/commit/80b6826d7e93f7345be75cc67cc035b2b8334ae6"
2020-01-03 14:20:51 UTC,raiden-network/raiden,LefterisJP,yeah it does. I mention in the comment it opens the first channel (to the bootstrap address)
2020-01-30 11:01:57 UTC,aeternity/tipping-oracle-service,nduchak,"I guess  `config` object not like { url, internalUrl }"
2020-01-18 00:26:21 UTC,frc3452/2020_FRC,BrendanNestle,This was an attempt to made a controller so that we could drive around a prototype drive train.
2020-01-30 19:21:52 UTC,dftbplus/dftbplus,bhourahine,2006 - 2020
2020-01-17 19:09:35 UTC,fosterinteractive/edpack-archetype,finteractive,"[![Visit Site](https://raw.githubusercontent.com/pantheon-systems/terminus-build-tools-plugin/master/assets/images/visit-site-36.png)](https://p-optimize-edpack-archetype.pantheonsite.io/)

Created multidev environment [p-optimize](https://dashboard.pantheon.io/sites/8205aa31-0dde-4c46-b172-53a6aae7d18d#p-optimize) for edpack-archetype."
2020-01-30 19:34:22 UTC,GoogleChromeLabs/so-pwa,jeffposnick,"In v5, `injectManifest` will allow you to specify the same file for `swSrc` and `swDest` (which will result in an in-place manifest injection). We can just write our bundled file out to the final `build/` directory.

Prior to v5, we had to write the bundled service worker to a temporary directory, use that as `swSrc`, and then write it to the final destination via `swDest`."
2020-01-28 05:11:23 UTC,icyphy/reactor-ts,lhstrh,Nice catch!
2020-01-24 18:41:30 UTC,web-platform-tests/wpt,community-tc-integration[bot],"<details>

<summary>Submitting the task to Taskcluster failed. Details</summary>

Taskcluster-GitHub attempted to create a task for this event with the following scopes:

```
[
  ""assume:repo:github.com/web-platform-tests/wpt:branch:bocoup/wptrunner-cdp-2019-demo"",
  ""queue:route:statuses"",
  ""queue:scheduler-id:taskcluster-github""
]
```

The expansion of these scopes is not sufficient to create the task, leading to the following:

Client ID static/taskcluster/github does not have sufficient scopes and is missing the following scopes:

```
{
  ""AnyOf"": [
    {
      ""AnyOf"": [
        ""queue:create-task:highest:aws-provisioner-v1/wpt-docker-worker"",
        ""queue:create-task:very-high:aws-provisioner-v1/wpt-docker-worker"",
        ""queue:create-task:high:aws-provisioner-v1/wpt-docker-worker"",
        ""queue:create-task:medium:aws-provisioner-v1/wpt-docker-worker"",
        ""queue:create-task:low:aws-provisioner-v1/wpt-docker-worker"",
        ""queue:create-task:very-low:aws-provisioner-v1/wpt-docker-worker"",
        ""queue:create-task:lowest:aws-provisioner-v1/wpt-docker-worker""
      ]
    },
    {
      ""AnyOf"": [
        ""queue:create-task:aws-provisioner-v1/wpt-docker-worker"",
        {
          ""AllOf"": [
            ""queue:define-task:aws-provisioner-v1/wpt-docker-worker"",
            ""queue:task-group-id:taskcluster-github/BpQP9Ns_SvuCZAhZKNv25A"",
            ""queue:schedule-task:taskcluster-github/BpQP9Ns_SvuCZAhZKNv25A/DHQ9cDxCQzi8Fyl98XUCCQ""
          ]
        }
      ]
    }
  ]
}
```

This request requires the client to satisfy the following scope expression:

```
{
  ""AllOf"": [
    ""queue:route:statuses"",
    {
      ""AnyOf"": [
        {
          ""AllOf"": [
            ""queue:scheduler-id:taskcluster-github"",
            {
              ""AnyOf"": [
                ""queue:create-task:highest:aws-provisioner-v1/wpt-docker-worker"",
                ""queue:create-task:very-high:aws-provisioner-v1/wpt-docker-worker"",
                ""queue:create-task:high:aws-provisioner-v1/wpt-docker-worker"",
                ""queue:create-task:medium:aws-provisioner-v1/wpt-docker-worker"",
                ""queue:create-task:low:aws-provisioner-v1/wpt-docker-worker"",
                ""queue:create-task:very-low:aws-provisioner-v1/wpt-docker-worker"",
                ""queue:create-task:lowest:aws-provisioner-v1/wpt-docker-worker""
              ]
            }
          ]
        },
        {
          ""AnyOf"": [
            ""queue:create-task:aws-provisioner-v1/wpt-docker-worker"",
            {
              ""AllOf"": [
                ""queue:define-task:aws-provisioner-v1/wpt-docker-worker"",
                ""queue:task-group-id:taskcluster-github/BpQP9Ns_SvuCZAhZKNv25A"",
                ""queue:schedule-task:taskcluster-github/BpQP9Ns_SvuCZAhZKNv25A/DHQ9cDxCQzi8Fyl98XUCCQ""
              ]
            }
          ]
        }
      ]
    }
  ]
}
```

---

* method:     createTask
* errorCode:  InsufficientScopes
* statusCode: 403
* time:       2020-01-24T18:41:29.117Z

</details>"
2020-01-03 21:30:42 UTC,UNDataForum/gatsby-themes,now[bot],"
Successfully deployed to following URLs:

* https://gatsby-themes-nrdrbs95i.now.sh
* https://gatsby-themes.undataforum.now.sh
* https://gatsby-themes-git-master.undataforum.now.sh
	"
2020-01-31 18:41:40 UTC,zeit-github-test/github-e2e-tests-dev,now-test[bot],"
Deployment failed with the following error:

~~~
You defined 1 build that did not match any source files (please ensure they are NOT defined in .nowignore):
~~~
			"
2020-01-07 14:39:34 UTC,zeit-github-test/github-e2e-test-dev-domain-issues,now-test[bot],"
Failed to assign a domain to your deployment due to the following error:

~~~
The domain dgspgmchnn.com is not verfied and cannot be used as an alias.
~~~

([Learn more](http://localhost:3000/zeit-github-test-dev/github-e2e-test-dev-domain-issues/93i96rxir) or [visit](https://github-e2e-test-dev-domain-issues-93i96rxir.now.sh) the non-aliased deployment)
"
2020-01-30 13:10:17 UTC,zeit-github-test/github-e2e-tests-dev-alias-v2-with-alias,now-test[bot],"
Successfully deployed to following URLs:

* https://github-e2e-tests-dev-alias-v2-with-alias-4fgnvznw9.now.sh
* https://z-github-e2e-tests-dev-alias-v2-with-alias.now.sh
* https://github-e2e-tests-dev-alias-v2-with-alias.zeit-github-test-dev1.now.sh
* https://github-e2e-tests-dev-alias-v2-with-alias-git-master.zeit-github-test-dev1.now.sh
	"
2020-01-03 17:01:44 UTC,dailylist/dailylist.github.io,now[bot],"
Deployment failed with the following error:

~~~
An unexpected error occurred!
~~~
			"
2020-01-08 08:59:50 UTC,stegos/stegos,rtsisyk,This change doesn't look correct. The epoch number is never incremented. Could you please elaborate?
2020-01-20 21:38:40 UTC,spring-projects-experimental/spring-graal-native,sdeleuze,"We want to focus on a limited set of samples while working on the core design, we will expand the scope later."
2020-01-08 13:40:19 UTC,hackitkr/web,now[bot],"
Successfully deployed to following URLs:

* https://web-m2yof0elj.now.sh
* https://web-nu-dun.now.sh
* https://app.ninehire.com
* https://web.seunggu.now.sh
* https://web-git-master.seunggu.now.sh
	"
2020-01-27 04:25:47 UTC,SeekrLabs/Seekr,wangwalton,"in other words can you do this? focus on this task specifically though, it's adding more time for this task but just make a note of it and leave the lower pirority task for next sprint"
2020-01-14 07:37:21 UTC,beyondcoin-project/beyondcoin,Myke500,"base58Prefixes[SCRIPT_ADDRESS2] = std::vector<unsigned char>(1,27);"
2020-01-10 04:51:40 UTC,staart/site,now[bot],"
Successfully deployed to following URLs:

* https://site-rdd20ax9u.now.sh
* https://site.staart.now.sh
* https://site-git-master.staart.now.sh
	"
