2020-01-16 23:35:15 UTC,ceanyd/lottie-web,Duongasaur,"Should this check have been done on the canvas players as well?
I am receiving an error when calling destroy on the AnimationItem"
2020-01-14 11:11:58 UTC,123-ram/Test,123-ram,hjghj
2020-01-17 08:58:24 UTC,abhi18av/pyMTC,abhi18av,Multiple REP declarations are redundant
2020-01-25 04:03:11 UTC,mariloly26/191--mariloly-rodriguez-,mariloly26,add content to greeting.txt
2020-01-14 08:44:47 UTC,jblancogl/web,now[bot],"
Successfully deployed to following URLs:

* https://jblancoglcom-hg6gmi7q1.now.sh
* https://jblancoglcom-git-master.jblancogl1.now.sh
	"
2020-01-18 15:37:39 UTC,NestorPlasencia/curso-de-java-fullstack-developer-mitocode,NestorPlasencia,"![image](https://user-images.githubusercontent.com/6503062/72666269-81b70680-39de-11ea-8c8d-218fd2869879.png)
![image](https://user-images.githubusercontent.com/6503062/72666271-854a8d80-39de-11ea-9619-4aa5764cc25d.png)
"
2020-01-31 09:12:05 UTC,PranY/blurb,ayushthakur,"I don't know if what I just wrote makes sense, but the overall message is that do not attempt to define something as per your interpretation, in such cases take another route of how it impacts/influences/changes etc. etc."
2020-01-07 10:07:08 UTC,luanbomdev/coohom,now[bot],"
Successfully deployed to following URLs:

* https://coohom-8i3r7qva8.now.sh
* https://coohom-eosin-nine.now.sh
* https://react-coohom.now.sh
* https://coohom.clgtccgt10.now.sh
* https://coohom-git-master.clgtccgt10.now.sh
	"
2020-01-16 21:08:27 UTC,dawsbot/www,now[bot],"
Successfully deployed to following URLs:

* https://www-301ta1qi7.now.sh
* https://dawsbot.com
* https://www.dawsbot.now.sh
* https://www-git-master.dawsbot.now.sh
	"
2020-01-17 10:19:48 UTC,bambootest-bot/githubtest,bambootest-bot,"# Specs execution successful
:scroll: [View logs](http://bamboo.comnull)
### Plans updated

Bamboo specs have been successfully imported and the following plans have been updated.

Project | Plan | Build
---|---|---
[Test](http://bamboo.com/browse/TEST) | [Comment test](http://bamboo.com/browse/TEST-CTEST)  | :white_check_mark: [\#1](http://bamboo.com/browse/TEST-CTEST-1)
[New project](http://bamboo.com/browse/NEW) | [Disabled plan](http://bamboo.com/browse/NEW-DISABLED) **disabled** | :white_check_mark: [\#1](http://bamboo.com/browse/NEW-DISABLED-1)

### Deployments updated

Bamboo specs have been successfully imported and the following deployment projects have been updated.

|Deployment project |
----|
[Deployment test](http://bamboo.com/deploy/viewDeploymentProjectVersions.action?id=2162689)|
"
2020-01-24 17:13:57 UTC,cmp-cc/vue-cookies,jpickwell,This was a breaking change. Learn semantic versioning.
2020-01-14 16:11:53 UTC,anascko/qemu,clebergnu,"I don't think a different binary makes much of a difference to the point I was trying to make... My point is that the test shouldn't assume a binary exists on the system, it should either:

1) check if the binary exists and cancel the test if it doesn't, *OR*
2) provide a binary

I'm in favor of option 1, because it's simpler.  Option 2 would probably be doable by writing a Python based ""nc"" or ""cat"" like script, but it would be costlier to implement and harder to maintain."
2020-01-12 18:24:17 UTC,katiewrennhansen/crm-frontend,now[bot],"
Successfully deployed to following URLs:

* https://crm-frontend-iduhobxwm.now.sh
* https://crm-frontend-omega-ten.now.sh
* https://crm-frontend.khansen0415.now.sh
* https://crm-frontend-git-master.khansen0415.now.sh
	"
2020-01-21 07:34:47 UTC,jwoglom/npyscreen,outscale-fne,"Ok thanks! Seems strange that my npyscreen version (4.10.5, the latest?) doesn't have those changes... So I had to manually install your fork..."
2020-01-20 22:06:04 UTC,GeneriedJenelle/The-World-Server-Redux,GeneriedJenelle,"Merge pull request #751 from TheFlagbearer/suggested-content

Suggestions from Discord ([Add flavourtext generator](https://quire.io/w/!Jx0LG5fMaEWaD-RZygOZUCkQ/Add_flavourtext_g...))
via [Quire](https://quire.io/u/quire)"
2020-01-27 09:05:39 UTC,blakadder/templates,blakadder,I wasn't the one flashing it so I wouldn't know.
2020-01-06 11:37:09 UTC,subratshah/WeatherApp,subratshah,All modules that use dagger
2020-01-26 11:17:54 UTC,coder3101/cp-editor,coder3101,What exactly this commit brings?
2020-01-22 11:22:34 UTC,dabrady/blog,dabrady,![](https://github.trello.services/images/mini-trello-icon.png) [create working Gatsby project](https://trello.com/c/wJ0D9WYu/5-create-working-gatsby-project)
2020-01-09 03:53:48 UTC,coolsasindu/freelk,coolsasindu,www.free.lk
2020-01-31 22:34:40 UTC,wwmm/pulseeffects,wwmm,XD I admit my messages aren't always the best.
2020-01-23 13:11:56 UTC,ChunWarayut/baccarat-formula,now[bot],"
Successfully deployed to following URLs:

* https://baccarat-formula-mx7gkfinp.now.sh
* https://baccarat-formula.now.sh
* https://baccarat-formula.chunwarayut.now.sh
* https://baccarat-formula-git-master.chunwarayut.now.sh
	"
2020-01-02 19:36:05 UTC,vondele/Stockfish,Chess13234,"I've started a test here to test if it passes 1+0.2:
http://tests.stockfishchess.org/tests/view/5e0e460a62fb773bb7047ea2
"
2020-01-12 02:37:41 UTC,Dremora/my-music-webapp,now[bot],"
Successfully deployed to following URLs:

* https://my-music-j03zlv2ys.now.sh
* https://my-music.dremora.com
* https://my-music.dremora1.now.sh
* https://my-music-git-master.dremora1.now.sh
	"
2020-01-06 10:52:36 UTC,Shibani15/kotlin,nikhiljainlive,Add Proper Comments to File.
2020-01-13 18:40:46 UTC,bambootest-bot/githubtest,bambootest-bot,"# Specs execution successful
:scroll: [View logs](http://bamboo.comnull)
### Plans updated

Bamboo specs have been successfully imported and the following plans have been updated.

Project | Plan | Build
---|---|---
[Test](http://bamboo.com/browse/TEST) | [Comment test](http://bamboo.com/browse/TEST-CTEST)  | :white_check_mark: [\#1](http://bamboo.com/browse/TEST-CTEST-1)
[New project](http://bamboo.com/browse/NEW) | [Disabled plan](http://bamboo.com/browse/NEW-DISABLED) **disabled** | :white_check_mark: [\#1](http://bamboo.com/browse/NEW-DISABLED-1)

### Deployments updated

Bamboo specs have been successfully imported and the following deployment projects have been updated.

|Deployment project |
----|
[Deployment test](http://bamboo.com/deploy/viewDeploymentProjectVersions.action?id=2162689)|
"
2020-01-08 16:54:04 UTC,joaorfclopes/slowj,now[bot],"
Successfully deployed to following URLs:

* https://slowj-dhauvmg6q.now.sh
* https://slowj.now.sh
* https://slowj.joaorfclopes.now.sh
* https://slowj-git-master.joaorfclopes.now.sh
	"
2020-01-10 21:01:24 UTC,elmaester/hire-oleg,now[bot],"
Successfully deployed to following URLs:

* https://hire-oleg-fx39la8yl.now.sh
* https://hire-oleg.now.sh
* https://hire-oleg.elmaester.now.sh
* https://hire-oleg-git-master.elmaester.now.sh
	"
2020-01-30 04:58:39 UTC,Francesco-Lanciana/Scribe,now[bot],"
Successfully deployed to following URLs:

* https://scribe-ge627lav0.now.sh
* https://scribe-nine-theta.now.sh
* https://scribe.francescolanciana.now.sh
* https://scribe-git-master.francescolanciana.now.sh
	"
2020-01-16 00:18:15 UTC,super8989/ReactRedux_slack_chat,now[bot],"
Successfully deployed to following URLs:

* https://reactreduxslackchat-4xmdxxqsk.now.sh
* https://reactreduxslackchat.super8989.now.sh
* https://reactreduxslackchat-git-master.super8989.now.sh
	"
2020-01-18 18:10:02 UTC,degrecci/next-photo-book,now[bot],"
Successfully deployed to following URLs:

* https://next-photo-book-pph2djqj5.now.sh
* https://next-photo-book.now.sh
* https://next-photo-book.henriquedegrecci.now.sh
* https://next-photo-book-git-master.henriquedegrecci.now.sh
	"
2020-01-24 20:58:33 UTC,davidroman-hub/Real-portafolio,now[bot],"
Successfully deployed to following URLs:

* https://real-portafolio-473041n7l.now.sh
* https://real-portafolio.now.sh
* https://real-portafolio.jobroman83.now.sh
* https://real-portafolio-git-nav-styles.jobroman83.now.sh
	"
2020-01-07 20:12:34 UTC,varunesh-ram/FizzBuzzV2,yuva-muthuraman,not required to have a field of class under test at this point. can be introduced as part of refactoring
2020-01-30 11:29:22 UTC,DCDLEAFY/DCDLEAFY.github.io,Alliniska,"Thanks for doing the research part of the maps, I'm sure that integrating it with the website will be a breeze with what you've learned"
2020-01-23 11:22:22 UTC,ashrafyawar/CV-mohammad-ashraf-yawar,ashrafyawar,v
2020-01-11 06:37:14 UTC,aletson/votefinder-web,rjmagley,"upon testing, it is catching spectators when it shouldn't be - https://beta.votefinder.org/players/common_games/epsilon-plus/capitalistpig states I was a player in Payday Mafia 2, for example. whoops!

it's worth noting that I did explain to you that I'm saving modifying anything relating to the models for when I have significantly more time to sit down and more rigorously test it, as well as add some other improvements."
2020-01-01 08:03:55 UTC,basro/input-lag-measuring-tool,xRoos3velt,"@basro can you give me your Discord adress please I need talk to you or you can add me 
xRoos3velt#3441"
2020-01-15 16:17:24 UTC,LipingWang/EnergyPlus,nrel-bot-2,"error_custom_meter (LipingWang) - x86_64-Linux-Ubuntu-18.04-gcc-7.4-IntegrationCoverage-Debug: OK (675 of 676 tests passed, 0 test warnings)



Failures:\n

integration Test Summary
 * Passed: 675
 * Timeout: 1


<a href='https://nrel.github.io/EnergyPlusBuildResults/EnergyPlus-7afd10642c17ffd54495e8b1b8c2c219741547c9-PR7672-x86_64-Linux-Ubuntu-18.04-gcc-7.4-IntegrationCoverage-Debug.html'>![Build Badge](http://img.shields.io/badge/build%20status-passing-green.png)</a> <a href='https://nrel.github.io/EnergyPlusBuildResults/EnergyPlus-7afd10642c17ffd54495e8b1b8c2c219741547c9-PR7672-x86_64-Linux-Ubuntu-18.04-gcc-7.4-IntegrationCoverage-Debug.html'>![Test Badge](http://img.shields.io/badge/tests%20passed-99.85%25-yellow.png)</a> <a href='https://nrel.github.io/EnergyPlusBuildResults/EnergyPlus-7afd10642c17ffd54495e8b1b8c2c219741547c9-PR7672-x86_64-Linux-Ubuntu-18.04-gcc-7.4-IntegrationCoverage-Debug.html'>![Coverage Badge](http://img.shields.io/badge/coverage%20status-68.43%25-green.png)</a>
"
2020-01-22 17:28:59 UTC,davimargelo/ded-platform-backend,davimargelo,ata po
2020-01-22 18:10:59 UTC,njzjz/reacnetgenerator,now[bot],"
Successfully deployed to following URLs:

* https://reacnetgenerator-9aoujeh9d.now.sh
* https://reacnetgenerator.njzjz.now.sh
* https://reacnetgenerator-git-master.njzjz.now.sh
	"
2020-01-06 15:39:25 UTC,kydzoster/fourth-web-page,kydzoster,created a README.md
2020-01-04 09:15:29 UTC,ymwl5888/yaoyixuan,now[bot],"
Successfully deployed to following URLs:

* https://yaoyixuan-ca7unpebc.now.sh
* https://yaoyixuan.now.sh
* https://yaoyixuan.ymwl5888.now.sh
* https://yaoyixuan-git-master.ymwl5888.now.sh
	"
2020-01-23 15:14:52 UTC,denyszamiatin/ma_book,denyszamiatin,Lines 60-61 seem redundant
2020-01-27 05:01:14 UTC,TechnoEddy/IndieHackersPR_Site,now[bot],"
Successfully deployed to following URLs:

* https://indiehackersprsite-27nmx80n0.now.sh
* https://indiehackersprsite.technoeddy.now.sh
* https://indiehackersprsite-git-master.technoeddy.now.sh
	"
2020-01-26 16:33:40 UTC,Naga-web/New-Web-page,Naga-web,Adding to master
2020-01-29 14:53:49 UTC,MaijaKrasts/SavannahGame,Vyzex29,Does it take into account other Animals that could be on the nextStep?
2020-01-03 12:45:42 UTC,GopalSharanya/javascriptPrograms,parmeshwarraut1996,leave one blank line at eof(end of the file).
2020-01-04 08:21:24 UTC,code3010/code3010.github.io,code3010,Undo the minimal mistake theme addition
2020-01-08 15:04:37 UTC,creativiii/broker-insights,karenMcCBi,"> Fixes
> - Table form was accepting too many decimals
> - Money widget wasn't displaying the right number
> - small styles fixes

I've been trying to do atomic commits recently. So here, you have at least 3 different changes if you realise later on that the money widget problem hasn't been solved, you can't simply revert this change and do it right as you would also lose the style fixes and the table form would start accepting numbers with 23 decimal places.

It's hard to know when to commit. Even with atomic commits, you'd make one commit for ""implement the edit policy functionality"" and then later on, if you decide to change the colour of the button, so you make a tiny commit that changes one line of CSS. You could `fixup` that second, tiny commit into the first but, that's not ideal after the first commit has been pushed (and pulled onto a teammates computer).


That was a bit of a ramble, sorry!"
2020-01-10 09:43:38 UTC,checkmycream-tech/products.checkmycream.com,now[bot],"
Deployment failed with the following error:

~~~
Failed to validate now.json: Invalid request: files should NOT have more than 10000 items
~~~
			"
2020-01-02 16:33:03 UTC,cksiazak/ksiazak.dev,now[bot],"
Successfully deployed to following URLs:

* https://ksiazakdev-6qi4xu8v7.now.sh
* https://ksiazak.dev
* https://ksiazakdev.cksiazak.now.sh
* https://ksiazakdev-git-master.cksiazak.now.sh
	"
2020-01-20 20:33:18 UTC,Pako7/equipment_management,poiupio,Si no utilizas alt y no lo necesita puedes quitarlo
2020-01-14 02:25:33 UTC,Fluorohydride/ygopro-pre-script,mallu11,The change is unnecessary because `Group.CheckWithSumGreater()` in fselect makes you can not select the monster that the level is 0.
2020-01-03 16:46:31 UTC,GabrielMartins173/ASP.NET-Core-Study,GabrielMartins173,"When we add the ? in the parameters that aceept if we don't pass a value to this parameters.
        And when we set the variables the ""??"" are responsable for setting default values if the user don't pass this values. 
        In this case if the user don't pass any value, the page that will be shown was the first page (1) and the default page size is (5 itens per page)."
2020-01-23 19:52:19 UTC,streamich/md-mdast,streamich,Build version: __`3.3.0-renovate/ts-jest-25.x.1124`__ :crossed_fingers: [`renovate/ts-jest-25.x`](https://github.com/streamich/md-mdast/tree/renovate/ts-jest-25.x) on [*CircleCI*](https://circleci.com/gh/streamich/md-mdast/1124) :tada:
2020-01-19 21:31:48 UTC,super8989/React_palette_creator_app,now[bot],"
Successfully deployed to following URLs:

* https://reactpalettecreatorapp-q4dz2ffll.now.sh
* https://reactpalettecreatorapp.super8989.now.sh
* https://reactpalettecreatorapp-git-master.super8989.now.sh
	"
2020-01-26 21:15:46 UTC,dphillips19/git-lab,AlexMSchakel,@dphillips19 (-2) No changes should be committed for this answer
2020-01-12 14:44:25 UTC,marxian/norfolkpunt,now[bot],"
Successfully deployed to following URLs:

* https://norfolkpunt-k65z4v1ib.now.sh
* https://norfolkpunt.org
* https://www.norfolkpunt.org
* https://norfolkpunt.marxian.now.sh
* https://norfolkpunt-git-master.marxian.now.sh
	"
2020-01-21 17:32:31 UTC,mauroreisvieira/mddoks,now[bot],"
Successfully deployed to following URLs:

* https://mddoks-276qev5si.now.sh
* https://mddoks.now.sh
* https://mddoks.mauroreisvieira.now.sh
* https://mddoks-git-master.mauroreisvieira.now.sh
	"
2020-01-17 16:15:33 UTC,chloedb/exercises-javascript-fundamentals,jfarmer,"@chloedb Since `num < 0` evaluates to `true` or `false` itself, you could simply write

```javascript
function isNegative(num) {
  return num < 0;
}
```"
2020-01-01 06:57:20 UTC,soumyajit4419/my_webpage,now[bot],"
Successfully deployed to following URLs:

* https://mywebpage-mne48xgf3.now.sh
* https://mywebpage.ashish454570.now.sh
* https://mywebpage-git-master.ashish454570.now.sh
	"
2020-01-15 00:53:39 UTC,mozilla/glam,openjck,Just an FYI that we may need to revert this change before we merge.
2020-01-07 11:36:04 UTC,nice-digital/MAS,NICE-TeamCity,"TeamCity MAS / MAS [Build 1.0.0.375](https://teamcity.nice.org.uk/viewLog.html?buildId=63804&buildTypeId=Mas_Mas) outcome was **FAILURE**
Summary: Exit code 1 (Step: Set build number (Command Line)) (new) Build time: 00:01:14"
2020-01-27 16:58:46 UTC,nice-digital/MAS,NICE-TeamCity,"TeamCity MAS / MAS [Build 1.1.0.750+r34E246E](https://teamcity.nice.org.uk/viewLog.html?buildId=65051&buildTypeId=Mas_Mas) outcome was **SUCCESS**
Summary: Tests passed: 9 Build time: 00:01:09"
2020-01-15 13:13:38 UTC,libris/definitions,draketuija,":label ""Annan publikation""@sv ."
2020-01-17 21:52:53 UTC,NREL/EnergyPlus,nrel-bot-3,"170771208_Issue7692 (Unknown) - x86_64-MacOS-10.13-clang: OK (2616 of 2616 tests passed, 0 test warnings)






<a href='https://nrel.github.io/EnergyPlusBuildResults/EnergyPlus-10bacd6c5ad94d2894a95cb1ee08221be592fb44-x86_64-MacOS-10.13-clang.html'>![Build Badge](http://img.shields.io/badge/build%20status-warnings-yellow.png)</a> <a href='https://nrel.github.io/EnergyPlusBuildResults/EnergyPlus-10bacd6c5ad94d2894a95cb1ee08221be592fb44-x86_64-MacOS-10.13-clang.html'>![Test Badge](http://img.shields.io/badge/tests%20passed-100.0%25-green.png)</a> 
"
2020-01-15 20:40:13 UTC,NREL/EnergyPlus,nrel-bot-3,"169953819_Issue7471 (Unknown) - x86_64-MacOS-10.13-clang: OK (2606 of 2606 tests passed, 0 test warnings)






<a href='https://nrel.github.io/EnergyPlusBuildResults/EnergyPlus-3896f13e5a70c66f91b323cb899417f1e970cc44-x86_64-MacOS-10.13-clang.html'>![Build Badge](http://img.shields.io/badge/build%20status-warnings-yellow.png)</a> <a href='https://nrel.github.io/EnergyPlusBuildResults/EnergyPlus-3896f13e5a70c66f91b323cb899417f1e970cc44-x86_64-MacOS-10.13-clang.html'>![Test Badge](http://img.shields.io/badge/tests%20passed-100.0%25-green.png)</a> 
"
2020-01-23 23:37:50 UTC,spacetelescope/asdf,1z2x3c4v5b6n7m8,#737 
2020-01-23 19:44:37 UTC,department-of-veterans-affairs/va.gov-cms,va-cms-bot,"<details>
    <summary>:x: Test Failed: <code>va/tests/accessibility</code></summary>
    <pre>composer va:test:accessibility</pre>
   
```
> phantomjs-prebuilt@2.1.16 install /var/www/cms/node_modules/phantomjs-prebuilt
> node install.js

PhantomJS not found on PATH
Downloading https://github.com/Medium/phantomjs/releases/download/v2.1.1/phantomjs-2.1.1-linux-x86_64.tar.bz2
Saving to /tmp/phantomjs/phantomjs-2.1.1-linux-x86_64.tar.bz2
Receiving...

Received 22866K total.
Extracting tar contents (via spawned process)
Removing /var/www/cms/node_modules/phantomjs-prebuilt/lib/phantom
Copying extracted folder /tmp/phantomjs/phantomjs-2.1.1-linux-x86_64.tar.bz2-extract-1579808573336/phantomjs-2.1.1-linux-x86_64 -> /var/www/cms/node_modules/phantomjs-prebuilt/lib/phantom
Writing location.js file
Done. Phantomjs binary available at /var/www/cms/node_modules/phantomjs-prebuilt/lib/phantom/bin/phantomjs

> core-js@2.6.9 postinstall /var/www/cms/node_modules/core-js
> node scripts/postinstall || echo ""ignore""

Thank you for using core-js ( https://github.com/zloirock/core-js ) for polyfilling JavaScript standard library!

The project needs your help! Please consider supporting of core-js on Open Collective or Patreon: 
> https://opencollective.com/core-js 
> https://www.patreon.com/zloirock 

Also, the author of core-js ( https://github.com/zloirock ) is looking for a good job -)

added 134 packages from 190 contributors and audited 183 packages in 7.285s
found 2 low severity vulnerabilities
  run `npm audit fix` to fix them, or `npm audit` for details

> axe_tests@1.0.0 test /var/www/cms
> node ./tests/accessibility/aXeAccessibilityCheck.js

!!!  NUMBER OF NEW VIOLATIONS on http://internal-dsva-vagov-dev-cms-812329399.us-gov-west-1.elb.amazonaws.com 1
!!!  NUMBER OF NEW VIOLATIONS on http://internal-dsva-vagov-dev-cms-812329399.us-gov-west-1.elb.amazonaws.com/sections  = 0
[]
!!!  NUMBER OF NEW VIOLATIONS on http://internal-dsva-vagov-dev-cms-812329399.us-gov-west-1.elb.amazonaws.com/node/add/page  = 1
[ { id: 'duplicate-id',
    impact: 'minor',
    tags: [ 'cat.parsing', 'wcag2a', 'wcag411' ],
    description: 'Ensures every id attribute value is unique',
    help: 'id attribute value must be unique',
    helpUrl:
     'https://dequeuniversity.com/rules/axe/3.3/duplicate-id?application=webdriverjs',
    nodes: [ [Object], [Object] ] } ]
!!!  NUMBER OF NEW VIOLATIONS on http://internal-dsva-vagov-dev-cms-812329399.us-gov-west-1.elb.amazonaws.com/node/add/landing_page  = 0
[]
!!!  NUMBER OF NEW VIOLATIONS on http://internal-dsva-vagov-dev-cms-812329399.us-gov-west-1.elb.amazonaws.com/node/add/documentation_page  = 0
[]
!!!  NUMBER OF NEW VIOLATIONS on http://internal-dsva-vagov-dev-cms-812329399.us-gov-west-1.elb.amazonaws.com/node/add/event  = 0
[]
!!!  NUMBER OF NEW VIOLATIONS on http://internal-dsva-vagov-dev-cms-812329399.us-gov-west-1.elb.amazonaws.com/node/add/health_care_local_facility  = 1
[ { id: 'label',
    impact: 'critical',
    tags:
     [ 'cat.forms',
       'wcag2a',
       'wcag332',
       'wcag131',
       'section508',
       'section508.22.n' ],
    description: 'Ensures every form element has a label',
    help: 'Form elements must have labels',
    helpUrl:
     'https://dequeuniversity.com/rules/axe/3.3/label?application=webdriverjs',
    nodes:
     [ [Object],
       [Object],
       [Object],
       [Object],
       [Object],
       [Object],
       [Object],
       [Object],
       [Object],
       [Object],
       [Object],
       [Object],
       [Object],
       [Object] ] } ]
!!!  NUMBER OF NEW VIOLATIONS on http://internal-dsva-vagov-dev-cms-812329399.us-gov-west-1.elb.amazonaws.com/node/add/health_care_region_detail_page  = 1
[ { id: 'duplicate-id',
    impact: 'minor',
    tags: [ 'cat.parsing', 'wcag2a', 'wcag411' ],
    description: 'Ensures every id attribute value is unique',
    help: 'id attribute value must be unique',
    helpUrl:
     'https://dequeuniversity.com/rules/axe/3.3/duplicate-id?application=webdriverjs',
    nodes: [ [Object], [Object] ] } ]
!!!  NUMBER OF NEW VIOLATIONS on http://internal-dsva-vagov-dev-cms-812329399.us-gov-west-1.elb.amazonaws.com/node/add/health_care_region_page  = 0
[]
!!!  NUMBER OF NEW VIOLATIONS on http://internal-dsva-vagov-dev-cms-812329399.us-gov-west-1.elb.amazonaws.com/node/add/office  = 0
[]
!!!  NUMBER OF NEW VIOLATIONS on http://internal-dsva-vagov-dev-cms-812329399.us-gov-west-1.elb.amazonaws.com/node/add/outreach_asset  = 0
[]
!!!  NUMBER OF NEW VIOLATIONS on http://internal-dsva-vagov-dev-cms-812329399.us-gov-west-1.elb.amazonaws.com/node/add/person_profile  = 1
[ { id: 'duplicate-id-aria',
    impact: 'critical',
    tags: [ 'cat.parsing', 'wcag2a', 'wcag411' ],
    description:
     'Ensures every id attribute value used in ARIA and in labels is unique',
    help: 'IDs used in ARIA and labels must be unique',
    helpUrl:
     'https://dequeuniversity.com/rules/axe/3.3/duplicate-id-aria?application=webdriverjs',
    nodes: [ [Object] ] } ]
!!!  NUMBER OF NEW VIOLATIONS on http://internal-dsva-vagov-dev-cms-812329399.us-gov-west-1.elb.amazonaws.com/node/add/press_release  = 1
[ { id: 'aria-allowed-attr',
    impact: 'critical',
    tags: [ 'cat.aria', 'wcag2a', 'wcag412' ],
    description: 'Ensures ARIA attributes are allowed for an element\'s role',
    help: 'Elements must only use allowed ARIA attributes',
    helpUrl:
     'https://dequeuniversity.com/rules/axe/3.3/aria-allowed-attr?application=webdriverjs',
    nodes: [ [Object] ] } ]
!!!  NUMBER OF NEW VIOLATIONS on http://internal-dsva-vagov-dev-cms-812329399.us-gov-west-1.elb.amazonaws.com/node/add/regional_health_care_service_des  = 0
[]
!!!  NUMBER OF NEW VIOLATIONS on http://internal-dsva-vagov-dev-cms-812329399.us-gov-west-1.elb.amazonaws.com/node/add/news_story  = 0
[]
!!!  NUMBER OF NEW VIOLATIONS on http://internal-dsva-vagov-dev-cms-812329399.us-gov-west-1.elb.amazonaws.com/node/add/support_service  = 0
[]
!!!  VIOLATION TYPES FOUND: 6 PROCESS EXITED WITH CODE 1  !!!
> npm install --only=production
> npm test
Thu, 23 Jan 2020 19:42:57 GMT axe-webdriverjs deprecated Error must be handled as the first argument of axe.analyze. See: #83 at tests/accessibility/aXeAccessibilityCheck.js:44:14
Thu, 23 Jan 2020 19:43:02 GMT axe-webdriverjs deprecated Error must be handled as the first argument of axe.analyze. See: #83 at tests/accessibility/aXeAccessibilityCheck.js:56:42
Failed to inject axe-core into one of the iframes!
Failed to inject axe-core into one of the iframes!
npm ERR! Test failed.  See above for more details.
Script npm test handling the va:test:accessibility event returned with error code 1
```
    
- **On:** ip-10-247-96-206
- **In:** 01:49
    
</details>"
2020-01-07 11:59:38 UTC,balena-io/contracts,lurch,"Given that the `versionList` below says ""3.11 (latest)"", should this `latest` property also have been updated to ""3.11"" ?"
2020-01-15 18:46:18 UTC,cedir/uli,walterbrunetti,:clap: :clap: :clap: :clap: 
2020-01-08 14:12:49 UTC,JuliaAstro/AstroTime.jl,helgee,`@JuliaRegistrator register`
2020-01-01 11:11:14 UTC,iputils/iputils,zx2c4,This appears to cause problems on musl. Maybe stdout should be fflush'd before doing such a check?
2020-01-09 12:04:01 UTC,mamedev/mame,angelosa,"Demoting stuff also needs a motivation written in a comment, either on todo list on top or an inline comment at end of line."
2020-01-25 16:28:02 UTC,mamedev/mame,couriersud,"Correct. Reverted those changes in https://github.com/mamedev/mame/commit/6251391508e1bf6186b47694622c33c3000254f0
"
2020-01-31 15:48:54 UTC,Picolab/G2S,b1conrad,"Testing procedure used:

1. Obtain an invitation from a Pico Agent
1. Base 64 decode the `c_i` value
1. Replace the old message type format (did) with the new (https)
1. Base 64 encode the updated value
1. Replace the old `c_i` value with the new one in the invitation URI
1. Use the new invitation to make a connection
"
2020-01-03 15:18:33 UTC,ripe-tech/ripe-components-vue,now[bot],"
Successfully deployed to following URLs:

* https://ripe-components-vue-26uyb59fx.now.sh
* https://ripe-components-vue.platforme.now.sh
* https://ripe-components-vue-git-master.platforme.now.sh
	"
2020-01-26 11:38:16 UTC,KDE/kdenlive,Bartoloni,this is great.
2020-01-29 18:49:33 UTC,vistadataproject/VAM2ProjectManagement,saviomendonsa,Final Report
2020-01-28 08:36:22 UTC,oscar-system/GAP.jl,JuliaRegistrator,"Registration pull request created: [JuliaRegistries/General/8551](https://github.com/JuliaRegistries/General/pull/8551)

After the above pull request is merged, it is recommended that a tag is created on this repository for the registered package version.

This will be done automatically if [Julia TagBot](https://github.com/apps/julia-tagbot) is installed, or can be done manually through the github interface, or via:
```
git tag -a v0.2.5 -m ""<description of version>"" 0a76cda1c7fd01e1f1743fa12c046e1859bd34e8
git push origin v0.2.5
```
"
2020-01-23 22:02:01 UTC,prestosql/presto,pettyjamesm,These changes shouldn't be included in the `DataSize` refactor commits
2020-01-20 01:23:53 UTC,firstmeanseverything/firstmeanseverything.com,now[bot],"
Successfully deployed to following URLs:

* https://firstmeanseverythingcom-kmsxblfz0.now.sh
* https://firstmeanseverything.com
* https://firstmeanseverythingcom.firstmeanseverything.now.sh
* https://firstmeanseverythingcom-git-master.firstmeanseverything.now.sh
	"
2020-01-13 17:33:12 UTC,zeit-github-test/github-e2e-tests-dev,now-test[bot],"
Deployment failed with the following error:

~~~
You defined 1 build that did not match any source files (please ensure they are NOT defined in .nowignore):
~~~
			"
2020-01-30 10:51:42 UTC,zeit-github-test/github-e2e-tests-dev-alias-v2-without-alias,now-test[bot],"
Successfully deployed to following URLs:

* https://github-e2e-tests-dev-alias-v2-without-alias-fwsi0khzj.now.sh
* https://github-e2e-tests-dev-alias-v2-without-alias.zeit-github-test-dev1.now.sh
* https://github-e2e-tests-dev-alias-v2-without-alias-git-master.zeit-github-test-dev1.now.sh
	"
2020-01-24 05:15:24 UTC,zeit-github-test/github-e2e-tests-dev-alias-v2-without-alias,now-test[bot],"
Successfully deployed to following URLs:

* https://github-e2e-tests-dev-alias-v2-without-alias-2q7oxxsbe.now.sh
* https://github-e2e-tests-dev-alias-v2-without-alias.zeit-github-test-dev1.now.sh
* https://github-e2e-tests-dev-alias-v2-without-alias-git-master.zeit-github-test-dev1.now.sh
	"
2020-01-27 20:38:19 UTC,zeit-github-test/github-e2e-test-dev-forked-repo,now-test[bot],"
Successfully deployed to following URLs:

* https://ccc-58j3pp454.now.sh
* https://ccc.zeit-github-test-dev1.now.sh
* https://ccc-git-master.zeit-github-test-dev1.now.sh
	"
2020-01-10 06:57:31 UTC,zeit-github-test/github-e2e-tests-production-alias-v1-with-alias,now[bot],"
Successfully deployed to following URLs:

* https://github-e2e-tests-production-alias-v1-with-alias-hrjqpthcgu.now.sh
* https://github-e2e-production-with-v1-alias.now.sh
	"
2020-01-13 06:15:51 UTC,TrapTeamCCNZ/TrapTeamMainSite,now[bot],"
Deployment failed with the following error:

~~~
Your `package.json` file is missing a `build` property inside the `scripts` property.
~~~
			"
2020-01-09 09:33:33 UTC,vlang/v,dumblob,"The most performant correct solution I know about should be to use some kind of [thread local storage](https://en.wikipedia.org/wiki/Thread-local_storage ) as otherwise locking stops all threads (like the famous stop the world in Python\*) and second locking is extremely error prone.

----
\*This issue [is being actively worked on](https://github.com/ericsnowcurrently/multi-core-python/ )."
2020-01-29 15:39:28 UTC,charlie-tango/ui,now[bot],"
Successfully deployed to following URLs:

* https://ui-ejw914nhi.now.sh
* https://ct-ui.now.sh
* https://ui.charlietango.now.sh
* https://ui-git-master.charlietango.now.sh
	"
2020-01-29 16:14:38 UTC,cesko-digital/web,now[bot],"
Successfully deployed to following URLs:

* https://web-5d7qmu66x.now.sh
* https://cesko.digital
* https://web.ceskodigital.now.sh
* https://web-git-master.ceskodigital.now.sh
	"
2020-01-26 08:13:14 UTC,iqubex-technologies/pkgreview.dev,now[bot],"
Successfully deployed to following URLs:

* https://pkgreviewdev-hstj0avjy.now.sh
* https://pkgreview.dev
* https://pkgreview.now.sh
* https://packagereview.now.sh
* https://libreview.now.sh
* https://coderater.now.sh
* https://pkgreviewdev.iqubex-technologies.now.sh
* https://pkgreviewdev-git-master.iqubex-technologies.now.sh
	"
2020-01-07 22:47:24 UTC,avantgardefinance/interface,now[bot],"
You are pushing commits at a very fast pace (across the whole organization).
Due to that, we cannot deploy the commit 6797d0e1507a7c2dcff2a677829ccf756b22a03b.

You can try again later or [upgrade](https://zeit.co/teams/avantgarde-finance/settings/plan) your plan.
		"
2020-01-31 15:55:18 UTC,TausManifesto/TausSkyStoneChallenge,Csun01,USES DIFFERENT AUTO
2020-01-23 19:17:34 UTC,fwrlines/ds,now[bot],"
Successfully deployed to following URLs:

* https://ds-phe2yuoj4.now.sh
* https://ds-beta-woad.now.sh
* https://ds.fwrlines.com
* https://ds.fwrlines.now.sh
* https://ds-git-master.fwrlines.now.sh
	"
2020-01-26 01:36:25 UTC,davidandhelen/dnh-backend,now[bot],"
Successfully deployed to following URLs:

* https://dnh-backend-kmdpswk5n.now.sh
* https://dnh-backend.now.sh
* https://davidandhelen.now.sh
* https://dnh-backend.david63.now.sh
* https://dnh-backend-git-master.david63.now.sh
	"
2020-01-08 07:41:24 UTC,Parken-Consulting/identity,now[bot],"
Successfully deployed to following URLs:

* https://identity-gjooc5yt4.now.sh
* https://identity.now.sh
* https://identity.parkenconsulting.com
* https://identity.parkenconsulting.now.sh
* https://identity-git-master.parkenconsulting.now.sh
	"
2020-01-17 15:28:46 UTC,Michelle-Scott/MScott-Portfolio,now[bot],"
Successfully deployed to following URLs:

* https://mscott-portfolio-j8nxxitce.now.sh
* https://mscott-portfolio.now.sh
* https://mscott-portfolio.mscott-portfolio.now.sh
* https://mscott-portfolio-git-master.mscott-portfolio.now.sh
	"
2020-01-26 14:15:10 UTC,codefordz/Guard,AM-77,Its better to use a `.env` file with the `dotenv` module to store the environment variables and use them with `process.env.VAR` 
2020-01-16 11:55:02 UTC,retroFlecters/retroflect-cra,now[bot],"
Successfully deployed to following URLs:

* https://retroflect-cra-jfjrw95t1.now.sh
* https://retroflect-cra.now.sh
* https://retroflect.now.sh
* https://retroflect-cra.rahulshah7.now.sh
* https://retroflect-cra-git-master.rahulshah7.now.sh
	"
2020-01-22 12:19:00 UTC,Skillhancer/skillhancer,dhaneshpawar,Commit from Sarang before new code
