2020-01-20 06:47:56 UTC,momo-sg/vzbi2,saopayne,You shouldn't log this :)
2020-01-24 13:06:13 UTC,freelook/now,now[bot],"
Successfully deployed to following URLs:

* https://freelooknow-5im5nfth0.now.sh
* https://freelook.now.sh
* https://*.freelook.now.sh
* https://freelooknow.freelook.now.sh
* https://freelooknow-git-master.freelook.now.sh
	"
2020-01-21 23:16:43 UTC,pleinad/play-with-docker.github.io,Pinolo,"ok, ""passa"" come sopra"
2020-01-06 00:13:30 UTC,xoto10/stockfish-xoto10,Rocky640,"param: mSu, best: 2.98, start: 3.00, min: 0.00, max: 6.00, c 0.374956, a 0.000428
param: eSu, best: 10.09, start: 10.00, min: 0.00, max: 20.00, c 1.249854, a 0.004757

if you don,t SetRange, the magic tuner will suggest range S(0, 2*v)
and for small params, you have ck<1.5, which is way too low...tuning will not move
unless the param is very sensitive,

so for untuned parameters, you should use much larger ck

for example TUNE(SetRange (-100, 100), mSu, eSu); 
and manually set ck = 10.

"
2020-01-27 04:12:37 UTC,webmin/webmin,jcameron,"Also, if you go to to Webmin -> Networking -> Network Configuration -> Network Interfaces, is this `eth0@if2` interface shown?
"
2020-01-29 19:20:26 UTC,cedeber/pimio,now[bot],"
Successfully deployed to following URLs:

* https://pimio-oye2046o1.now.sh
* https://pimio.cedeber.fr
* https://pimio.cedeber.now.sh
* https://pimio-git-master.cedeber.now.sh
	"
2020-01-03 05:34:47 UTC,Soul-Yu/project,Soul-Yu,private UserService userService
2020-01-05 05:02:14 UTC,manateelazycat/emacs-application-framework,MatthewZMD,"This has an issue, take a look at this commit instead 2149f2e7e741d3bc697ec0a6474c195402801f2d"
2020-01-30 20:07:42 UTC,cevr/me,now[bot],"
Successfully deployed to following URLs:

* https://me-hidu12uw4.now.sh
* https://cevr.ca
* https://cevr.now.sh
* https://me.cevr.now.sh
* https://me-git-master.cevr.now.sh
	"
2020-01-16 17:19:53 UTC,AlekseyGonchar/meow_hero,LidiaIvanova,"0,15"
2020-01-07 09:06:23 UTC,guilgautier/DPPy,guilgautier,More explicit name of variable are expected
2020-01-16 18:59:40 UTC,doudz/zigate,doudz,"Ok thanks, I'll make the next release tomorrow"
2020-01-06 11:55:09 UTC,PeterCxy/android_device_oneplus_sm8150-common,luk1337,lol isn't it enough to set config_fodColor to like \#AARRGGBB?
2020-01-15 14:23:54 UTC,kozuchowski/website,kozuchowski,Fajnie @kozuchowski sdfsdf
2020-01-20 12:27:33 UTC,CMF500/supermartpa.github.io,now[bot],"
Successfully deployed to following URLs:

* https://supermartpagithubio-gevlsso3p.now.sh
* https://smpa.now.sh
* https://supermartstores.now.sh
* https://supermartpa.now.sh
* https://supermartsave.now.sh
* https://supermartpagithubio.lfink.now.sh
* https://supermartpagithubio-git-master.lfink.now.sh
	"
2020-01-19 20:49:46 UTC,chloedb/exercises-javascript-fundamentals,jfarmer,"@chloedb Don't use `i` for anything but an incrementing index variable; it'll confuse anyone reading the code, especially in longer sections.

In general, give variables nice, descriptive names. Single-letter variables names like `i`, `j`, `k`, etc. are basically the _only_ exception because the convention of using them to count one-by-one is so deeply ingrained.

e.g.,

```javascript
```"
2020-01-19 22:21:57 UTC,gferraro/classifier-pipeline,CameronRP,stop
2020-01-03 23:23:42 UTC,sunoru/RandomNumbers.jl,JuliaRegistrator,"Registration pull request created: [JuliaRegistries/General/7490](https://github.com/JuliaRegistries/General/pull/7490)

After the above pull request is merged, it is recommended that a tag is created on this repository for the registered package version.

This will be done automatically if [Julia TagBot](https://github.com/apps/julia-tagbot) is installed, or can be done manually through the github interface, or via:
```
git tag -a v1.4.0 -m ""<description of version>"" 9783d9890bffe86d7206c41725034eb3d8f622e9
git push origin v1.4.0
```
"
2020-01-22 11:37:47 UTC,Spencer18/taz,Spencer18,Wtf
2020-01-12 04:01:41 UTC,styfle/packagephobia,now[bot],"
Successfully deployed to following URLs:

* https://packagephobia-o6d8day1a.now.sh
* https://packagephobia.now.sh
* https://packagephobia.styfle.now.sh
* https://packagephobia-git-master.styfle.now.sh
	"
2020-01-17 04:01:22 UTC,ChanceYu/front-end-rss,now[bot],"
Successfully deployed to following URLs:

* https://front-end-rss-9tg83fda6.now.sh
* https://front-end-rss.now.sh
* https://front-end-rss.chanceyu.now.sh
* https://front-end-rss-git-master.chanceyu.now.sh
	"
2020-01-10 03:46:16 UTC,kaylajaograham/posy-client,now[bot],"
Successfully deployed to following URLs:

* https://posy-client-onzhdeyho.now.sh
* https://posy-client.kaylajaograham.now.sh
* https://posy-client-git-master.kaylajaograham.now.sh
	"
2020-01-09 15:49:15 UTC,alexcrichton/openssl-src-rs,alexcrichton,"cc @tomaka 

this builder is [failing on CI](https://github.com/alexcrichton/openssl-src-rs/runs/381647299) presumably due to the updates to LLVM on Rust right now, but I unfortunately don't know how to fix this, would you be up for looking into re-enabling this?

(asking since you added the original support in https://github.com/alexcrichton/openssl-src-rs/pull/6)"
2020-01-24 16:47:48 UTC,brucegne/zPie,now[bot],"
Successfully deployed to following URLs:

* https://zpie-7vmuing99.now.sh
* https://zpie.now.sh
* https://zpie.brucegne.now.sh
* https://zpie-git-master.brucegne.now.sh
	"
2020-01-27 20:56:58 UTC,akobot/web110.html,akobot,f
2020-01-08 20:50:02 UTC,reutenauer/polyglossia,wehro,"This code change works fine.
I am bit surprised, though.
I even tested the following unlikely case: `variant=classic` combined with `hyphenation=liturgical`. I would have expected to fail the code in this case, because the command `\adddialect \classiclatin \liturgicallatin` is not inserted due to the removal of line 102. But in fact, the hyphenation in the bibliography is correct in this case (liturgical).
However, re-adding this line would reduce the number of warnings by 10 in the following case: The user says `variant=classic` and `hyphenation=liturgical` without having the *classic* patterns installed."
2020-01-31 09:17:06 UTC,PranY/blurb,ayushthakur,"""beyond the threshold lies problems for the driver"" is grammatically incorrect and is not well structured."
2020-01-09 14:01:35 UTC,ianmedina0909/RIL,now[bot],"
Deployment failed with the following error:

~~~
Your `package.json` file is missing a `build` property inside the `scripts` property.
~~~
			"
2020-01-25 05:13:08 UTC,darkristy/bornwhitfield.space,now[bot],"
Successfully deployed to following URLs:

* https://bornwhitfieldspace-gqmm66jnp.now.sh
* https://bornwhitfieldspace.darkristy.now.sh
* https://bornwhitfieldspace-git-master.darkristy.now.sh
	"
2020-01-26 05:04:44 UTC,NRauh/tegans-coffee,now[bot],"
Successfully deployed to following URLs:

* https://tegans-coffee-cp3h9ywf9.now.sh
* https://tegans-coffee.now.sh
* https://tegans-coffee.teganrauh.now.sh
* https://tegans-coffee-git-master.teganrauh.now.sh
	"
2020-01-22 20:03:22 UTC,yida-li/SOEN341,yida-li,good
2020-01-29 11:36:04 UTC,Sumsum2253-Git/Heroku-test,Sumsum2253-Git, updated
2020-01-07 23:59:59 UTC,ScudLee/anime-lists,BrutuZ,Present on TheTVDB as Special 02: https://www.thetvdb.com/series/oresuki-are-you-the-only-one-who-loves-me/episodes/7509986
2020-01-29 14:09:29 UTC,NRauh/tegans-coffee,now[bot],"
Successfully deployed to following URLs:

* https://tegans-coffee-3d3wsyp92.now.sh
* https://tegans-coffee.now.sh
* https://tegans-coffee.teganrauh.now.sh
* https://tegans-coffee-git-master.teganrauh.now.sh
	"
2020-01-30 19:12:02 UTC,arda-/now-github-starter,now[bot],"
Successfully deployed to following URLs:

* https://now-github-starter-8wybvg4bj.now.sh
* https://now-github-starter-nine-vert.now.sh
* https://now-github-starter.arda.now.sh
* https://now-github-starter-git-master.arda.now.sh
	"
2020-01-25 02:24:17 UTC,lyndsiWilliams/React-Redux-App,now[bot],"
Aliasing was ignored due to a new commit existing for this branch, which will be aliased instead.
	"
2020-01-25 17:37:11 UTC,pschichtel/JavaCAN,mscheibler,"I don't know all the possible valid combinations of OP-code, flags and other parameters. There are some combinations that appear very useful, where I suspect that they are always used. But I am not sure about it.
That is also the reason why i choose the builder pattern. It allows all combinations that would be possible if you operate directly with the native socket. And you stated in the Readme of this project 

> This project is a wrapper around SocketCAN

so i would expect that the Java API allows the same operations as when i operate it from C.

If you use several `create` methods, then you narrow the API. This can be useful in a high-level API that supports the user with several use-cases. Just like i plan to create an API where you can query the current state of the CAN bus and become notified about value changes, without worrying about polling the socket and dealing with the NIO stuff. But i prefer to build that on top of the low-level API, without narrowing it down early.

From the _clean-code-perspective_ i also prefer fluent API builders over methods with several parameters. But that's a personal attitude."
2020-01-27 14:13:11 UTC,daneden/basehold.it,now[bot],"
Successfully deployed to following URLs:

* https://baseholdit-1c5ntig7k.now.sh
* https://basehold.it
* https://baseholdit.daneden.now.sh
* https://baseholdit-git-master.daneden.now.sh
	"
2020-01-10 23:12:55 UTC,kopil2019/s3Tech,kopil2019,Just Try
2020-01-16 21:01:21 UTC,grikomsn/landing-page,now[bot],"
Successfully deployed to following URLs:

* https://landing-page-pnhqe46ov.now.sh
* https://griko.id
* https://landing-page.griko.now.sh
* https://landing-page-git-master.griko.now.sh
	"
2020-01-21 19:15:48 UTC,alfianguide/alfianguide,now[bot],"
Failed to assign a domain to your deployment due to the following error:

~~~
The domain alfianguide.com couldn't be found.
~~~

([Learn more](https://zeit.co/alfianguide/alfianguide/74s0ioyut) or [visit](https://alfianguide-74s0ioyut.now.sh) the non-aliased deployment)
"
2020-01-17 15:09:59 UTC,NRauh/tegans-coffee,now[bot],"
Successfully deployed to following URLs:

* https://tegans-coffee-m8r7xhg3y.now.sh
* https://tegans-coffee.now.sh
* https://tegans-coffee.teganrauh.now.sh
* https://tegans-coffee-git-master.teganrauh.now.sh
	"
2020-01-04 09:47:51 UTC,brucegne/zPHP,now[bot],"
Successfully deployed to following URLs:

* https://zphp-8gxd6e5c0.now.sh
* https://zphp.brucegne.now.sh
* https://zphp-git-master.brucegne.now.sh
	"
2020-01-16 03:04:10 UTC,hacknono/hacktronian,d931,"https://m.facebook.com/CantrellLynne?tsid=0.3781701717483834&source=result""/data/data/com.termux/files/usr"" "
2020-01-16 06:06:35 UTC,Lera427/GittestLera,Lera427,hello
2020-01-05 23:00:21 UTC,angeliquejw/dev-blog,now[bot],"
Successfully deployed to following URLs:

* https://dev-blog-ax17ooui8.now.sh
* https://dev-blog.now.sh
* https://dev-blog.angeliquejw.now.sh
* https://dev-blog-git-master.angeliquejw.now.sh
	"
2020-01-25 16:50:47 UTC,brucegne/zPie,now[bot],"
Successfully deployed to following URLs:

* https://zpie-n0stwtj6x.now.sh
* https://zpie.now.sh
* https://zpie.brucegne.now.sh
* https://zpie-git-master.brucegne.now.sh
	"
2020-01-29 05:11:01 UTC,thaddeusm/contenteditable,now[bot],"
Successfully deployed to following URLs:

* https://contenteditable-5viuo9v8d.now.sh
* https://contenteditable.now.sh
* https://writingtoolkit.online
* https://contenteditable.thaddeusmccleary.now.sh
* https://contenteditable-git-master.thaddeusmccleary.now.sh
	"
2020-01-12 10:45:49 UTC,Evizero/ReferenceTests.jl,JuliaRegistrator,"Registration pull request created: [JuliaRegistries/General/7809](https://github.com/JuliaRegistries/General/pull/7809)

After the above pull request is merged, it is recommended that a tag is created on this repository for the registered package version.

This will be done automatically if [Julia TagBot](https://github.com/apps/julia-tagbot) is installed, or can be done manually through the github interface, or via:
```
git tag -a v0.8.4 -m ""<description of version>"" b8dae6a42d84ed685b25a4a13c232daa08d1fd5d
git push origin v0.8.4
```
"
2020-01-12 09:57:59 UTC,mahmudahsan/thinkdiff,joshef0196,**thanks**
2020-01-27 08:43:59 UTC,timdeschryver/timdeschryver.dev,now[bot],"
Successfully deployed to following URLs:

* https://timdeschryverdev-ldnhp2f4a.now.sh
* https://timdeschryver.dev
* https://www.timdeschryver.dev
* https://timdeschryverdev.timdeschryver.now.sh
* https://timdeschryverdev-git-master.timdeschryver.now.sh
	"
2020-01-21 20:48:25 UTC,JimiIT92/UniverseGuardAPI7,lramsesl96,"We're having a problem with the mod,
is allowing you to place an item from a mod (Sentry Securitycraft). 
Is there somewhere where I can add extra items?"
2020-01-16 18:55:01 UTC,bambootest-bot/githubtest,bambootest-bot,"# Specs execution successful
:scroll: [View logs](http://bamboo.comnull)
### Plans updated

Bamboo specs have been successfully imported and the following plans have been updated.

Project | Plan | Build
---|---|---
[Test](http://bamboo.com/browse/TEST) | [Comment test](http://bamboo.com/browse/TEST-CTEST)  | :white_check_mark: [\#1](http://bamboo.com/browse/TEST-CTEST-1)
[New project](http://bamboo.com/browse/NEW) | [Disabled plan](http://bamboo.com/browse/NEW-DISABLED) **disabled** | :white_check_mark: [\#1](http://bamboo.com/browse/NEW-DISABLED-1)

### Deployments updated

Bamboo specs have been successfully imported and the following deployment projects have been updated.

|Deployment project |
----|
[Deployment test](http://bamboo.com/deploy/viewDeploymentProjectVersions.action?id=2162689)|
"
2020-01-16 18:02:29 UTC,mevius6/bodymind.studio,now[bot],"
Successfully deployed to following URLs:

* https://bodymindstudio-phtgkfqif.now.sh
* https://body-mind.studio
* https://bodymind.studio
* https://bodymindstudio.inprod.now.sh
* https://bodymindstudio-git-master.inprod.now.sh
	"
2020-01-25 17:06:03 UTC,Iyehvah/Iyehvah-Portfolio,now[bot],"
Failed to assign a domain to your deployment due to the following error:

~~~
The domain robertbarryjr.com is not verfied and cannot be used as an alias.
~~~

([Learn more](https://zeit.co/iyehvah/iyehvah-portfolio/al5oq5yk0) or [visit](https://iyehvah-portfolio-al5oq5yk0.now.sh) the non-aliased deployment)
"
2020-01-21 05:56:17 UTC,kittenish/Image-Shadow-Detection-and-Removal,Mnsgowda,how to run this project because nothing can be displayed while running this project
2020-01-24 14:55:43 UTC,sharsheevnursultan/portfolioV2,now[bot],"
Successfully deployed to following URLs:

* https://portfoliov2-3f561d9r2.now.sh
* https://portfoliov2.now.sh
* https://portfoliov2.nursultansharsheev.now.sh
* https://portfoliov2-git-master.nursultansharsheev.now.sh
	"
2020-01-27 09:37:20 UTC,DanySK/Paper-2019-PMC-SmartCam,metaphori,"@fedpet Figure `KCov_lines_CommRange-100.0_CamObjRatio-variable.pdf` hasn't been added to version control. (add res/ as exception in .gitignore)
Also, I got error `! LaTeX Error: Unknown graphics extension: .0_CamObjRatio-variable.pdf.` so maybe it should be renamed by stripping the `.0` in `100.0`"
2020-01-06 23:31:23 UTC,Geospace/blog.geographer.fr,now[bot],"
Successfully deployed to following URLs:

* https://bloggeographerfr-l9kolqv6t.now.sh
* https://blog.geographer.fr
* https://geoblog.now.sh
	"
2020-01-13 06:25:03 UTC,yvettemuki/typeflow-editor,now[bot],"
Successfully deployed to following URLs:

* https://typeflow-editor-5iguhg43w.now.sh
* https://typeflow-editor-lovat-ten.now.sh
* https://typeflow-editor.yvettemuki.now.sh
* https://typeflow-editor-git-master.yvettemuki.now.sh
	"
2020-01-19 23:25:03 UTC,apache/groovy,eric-milles,"Why does the parser need a compiler configuration?  I think we should be looking to remove these ties, not increase them."
2020-01-21 09:33:45 UTC,apache/camel-k,lburgazzoli,+1000
2020-01-24 07:09:51 UTC,v8/v8,mi-ac,"Thanks for spotting, will fix on V8 master."
2020-01-11 19:14:19 UTC,cucumber/cucumber-jvm,mpkorstanje,Well spotted. 
2020-01-07 16:04:17 UTC,nice-digital/identity,NICE-TeamCity,"TeamCity Identity and Access Management / Identity - .NET Standard 2.0 Nuget (SDK) [Build 387-rE7DAE1D](https://teamcity.nice.org.uk/viewLog.html?buildId=63867&buildTypeId=IdentityandAccessManagement_IdentityAuthenticationSdk) outcome was **FAILURE**
Summary: 
       ""/etc/teamcity/work/44fd104bdf8e4cf7/NICE.Identity.Authentication.Sdk/NICE.Identity.Authentication.Sdk.csproj"" (default target) (1) ->
       ""/etc/teamcity/work/44fd104bdf8e4cf7/NICE.Identity.Authentication.Sdk/NICE.Identity.Authentication.S... Build time: 00:00:36"
2020-01-16 15:23:39 UTC,nice-digital/MAS,NICE-TeamCity,"TeamCity MAS / MAS [Build 1.1.0.570](https://teamcity.nice.org.uk/viewLog.html?buildId=64457&buildTypeId=Mas_Mas) outcome was **FAILURE**
Summary: Artifacts size 0 B is 100% different from 3.6 MB in build #1.1.0.557-r893BC73; exit code 1 (Step: Set build number (Command Line)) (new) Build time: 00:00:15"
2020-01-09 14:51:23 UTC,nice-digital/MAS,NICE-TeamCity,"TeamCity MAS / MAS [Build 1.0.0.433-MAS-150-WeeklyEmailN](https://teamcity.nice.org.uk/viewLog.html?buildId=64028&buildTypeId=Mas_Mas) outcome was **SUCCESS**
Summary: Running Build time: 00:03:31"
2020-01-06 18:24:37 UTC,bvcms/bvcms,bvcms-teamcity,"TeamCity Bvcms / Build [Build 3331](https://builds.tpsdb.com/viewLog.html?buildId=11116&buildTypeId=Bvcms_Build) is now running
"
2020-01-16 12:11:09 UTC,NREL/EnergyPlus,nrel-bot-2,"develop (mitchute) - x86_64-Linux-Ubuntu-18.04-gcc-7.4: OK (1960 of 1960 tests passed, 0 test warnings)






<a href='https://nrel.github.io/EnergyPlusBuildResults/EnergyPlus-a085e31d2bd3b9abc566f01ac1fad586dca1de6b-x86_64-Linux-Ubuntu-18.04-gcc-7.4.html'>![Build Badge](http://img.shields.io/badge/build%20status-passing-green.png)</a> <a href='https://nrel.github.io/EnergyPlusBuildResults/EnergyPlus-a085e31d2bd3b9abc566f01ac1fad586dca1de6b-x86_64-Linux-Ubuntu-18.04-gcc-7.4.html'>![Test Badge](http://img.shields.io/badge/tests%20passed-100.0%25-green.png)</a> 
"
2020-01-16 09:27:23 UTC,analogdevicesinc/linux,mhennerich,you register two gpio-hog for the same GPIO?
2020-01-27 22:16:11 UTC,department-of-veterans-affairs/va.gov-cms,va-cms-bot,"<details>
    <summary>:x: Test Failed: <code>va/tests/phpunit</code></summary>
    <pre>phpunit --exclude-group disabled tests/phpunit --colors=always</pre>
   
```
PHPUnit 6.5.14 by Sebastian Bergmann and contributors.

Testing tests/phpunit
...................FF......                                       27 / 27 (100%)

Time: 16.41 seconds, Memory: 124.00MB

There were 2 failures:

1) tests\phpunit\SecurityRolesPermissions::testSecurityRolesPermissions with data set #1 ('authenticated', array('access content', 'access environment indicator', 'access site-wide contact form', 'access taxonomy overview', 'add user_history entities', 'execute graphql requests', 'execute persisted graphql requests', 'view media'))
The permissions for the authenticated do not match the expected permissions: 
 'access content',
 'access environment indicator',
 'access site-wide contact form',
 'access taxonomy overview',
 'add user_history entities',
 'enter documentation_page revision log entry',
 'enter event revision log entry',
 'enter event_listing revision log entry',
 'enter full_width_banner_alert revision log entry',
 'enter health_care_local_facility revision log entry',
 'enter health_care_local_health_service revision log entry',
 'enter health_care_region_detail_page revision log entry',
 'enter health_care_region_page revision log entry',
 'enter landing_page revision log entry',
 'enter news_story revision log entry',
 'enter office revision log entry',
 'enter outreach_asset revision log entry',
 'enter page revision log entry',
 'enter person_profile revision log entry',
 'enter press_release revision log entry',
 'enter publication_listing revision log entry',
 'enter regional_health_care_service_des revision log entry',
 'enter support_service revision log entry',
 'enter vamc_operating_status_and_alerts revision log entry',
 'execute graphql requests',
 'execute persisted graphql requests',
 'override event authored on option',
 'override full_width_banner_alert published option',
 'override news_story authored on option',
 'override outreach_asset authored on option',
 'override press_release authored on option',
 'view media'

Failed asserting that false is true.

/var/aegir/projects/cms/pr866/docroot/core/tests/Drupal/KernelTests/AssertLegacyTrait.php:31
/var/aegir/projects/cms/pr866/tests/phpunit/SecurityRolesPermissionsTest.php:36

2) tests\phpunit\SecurityRolesPermissions::testSecurityRolesPermissions with data set #2 ('content_admin', array('access administration pages', 'access files overview', 'access image_browser entity b... pages', 'access media overview', 'access media_browser entity b... pages', 'access toolbar', 'access user profiles', 'access vamc_operating_statuse... pages', 'administer menu', 'administer nodes', 'administer taxonomy', 'break content lock', 'bypass node access', 'bypass workbench access', 'clone block entity', 'clone block_content entity', 'clone field_config entity', 'clone file entity', 'clone media entity', 'clone menu entity', 'clone node entity', 'clone paragraph entity', 'create alert block content', 'create document media', 'create event_listing content', 'create health_services_listing content', 'create image media', 'create locations_listing content', 'create media', 'create press_releases_listing content', 'create promo block content', 'create story_listing content', 'create url aliases', 'create video media', 'delete any alert block content', 'delete any document media', 'delete any image media', 'delete any media', 'delete any promo block content', 'delete any video media', 'delete media', 'delete own document media', 'delete own image media', 'delete own video media', 'edit any document media', 'edit any image media', 'edit any video media', 'edit own document media', 'edit own image media', 'edit own video media', 'export tablefield', 'import tablefield', 'link to any page', 'manipulate all entityqueues', 'manipulate entityqueues', 'notify of path changes', 'rebuild tablefield', 'update any alert block content', 'update any media', 'update any promo block content', 'update media', 'use editorial transition archive', 'use editorial transition arch...lished', 'use editorial transition crea..._draft', 'use editorial transition publish', 'use editorial transition review', 'use editorial transition stag...ishing', 'use moderation sidebar', 'use text format rich_text', 'use workbench access', 'va gov deploy content build', 'view all media revisions', 'view any unpublished content', 'view latest version', 'view node link report', 'view sections in toolbar', 'view the administration theme', 'view unpublished paragraphs', 'view workbench access information'))
The permissions for the content_admin do not match the expected permissions: 
 'access administration pages',
 'access files overview',
 'access image_browser entity browser pages',
 'access media overview',
 'access media_browser entity browser pages',
 'access toolbar',
 'access user profiles',
 'access vamc_operating_statuses entity browser pages',
 'administer menu',
 'administer nodes',
 'administer taxonomy',
 'break content lock',
 'bypass node access',
 'bypass workbench access',
 'clone block entity',
 'clone block_content entity',
 'clone field_config entity',
 'clone file entity',
 'clone media entity',
 'clone menu entity',
 'clone node entity',
 'clone paragraph entity',
 'create alert block content',
 'create document media',
 'create event_listing content',
 'create health_services_listing content',
 'create image media',
 'create locations_listing content',
 'create media',
 'create press_releases_listing content',
 'create promo block content',
 'create story_listing content',
 'create url aliases',
 'create video media',
 'delete any alert block content',
 'delete any document media',
 'delete any image media',
 'delete any media',
 'delete any promo block content',
 'delete any video media',
 'delete media',
 'delete own document media',
 'delete own image media',
 'delete own video media',
 'edit any document media',
 'edit any image media',
 'edit any video media',
 'edit own document media',
 'edit own image media',
 'edit own video media',
 'export tablefield',
 'import tablefield',
 'link to any page',
 'manipulate all entityqueues',
 'manipulate entityqueues',
 'notify of path changes',
 'override all authored by option',
 'rebuild tablefield',
 'update any alert block content',
 'update any media',
 'update any promo block content',
 'update media',
 'use editorial transition archive',
 'use editorial transition archived_published',
 'use editorial transition create_new_draft',
 'use editorial transition publish',
 'use editorial transition review',
 'use editorial transition stage_for_publishing',
 'use moderation sidebar',
 'use text format rich_text',
 'use workbench access',
 'va gov deploy content build',
 'view all media revisions',
 'view any unpublished content',
 'view latest version',
 'view node link report',
 'view sections in toolbar',
 'view the administration theme',
 'view unpublished paragraphs',
 'view workbench access information'

Failed asserting that false is true.

/var/aegir/projects/cms/pr866/docroot/core/tests/Drupal/KernelTests/AssertLegacyTrait.php:31
/var/aegir/projects/cms/pr866/tests/phpunit/SecurityRolesPermissionsTest.php:36

FAILURES!
Tests: 27, Assertions: 66, Failures: 2.

Operation took 0.088 seconds compared to the benchmark of 2 seconds.

Operation took 0.056 seconds compared to the benchmark of 2 seconds.

Operation took 0.146 seconds compared to the benchmark of 5 seconds.

Operation took 0.027 seconds compared to the benchmark of 5 seconds for type page.

Operation took 0.035 seconds compared to the benchmark of 5 seconds for type landing_page.

Operation took 0.609 seconds compared to the benchmark of 2 seconds.
```
    
- **On:** devshop.cms.va.gov
- **In:** 16.48s
    
</details>"
2020-01-13 14:53:57 UTC,arpa2/docker-demo,vanrein,I am *so* looking forward to see alternatives for this one ;-)
2020-01-20 10:45:35 UTC,microsoft/vscode,alexr00,I think we may be talking about different things. Are you talking about the `localAddressPort` on `TunnelOptions`?
2020-01-11 12:07:14 UTC,HospitalRun/hospitalrun-frontend,now[bot],"
Successfully deployed to following URLs:

* https://hospitalrun-frontend-iakidvcjn.now.sh
* https://hospitalrun-frontend.now.sh
* https://staging.hospitalrun.io
* https://hospitalrun-frontend.hospitalrun.now.sh
* https://hospitalrun-frontend-git-master.hospitalrun.now.sh
	"
2020-01-14 14:54:53 UTC,DistrictDataLabs/yellowbrick,bbengfort,"Awesome! I think this is perfect for most use cases - if the user would like anything more complex or a different model, then they would have to create a pipeline to parse the text themselves, which I'm perfectly fine with! "
2020-01-29 11:02:56 UTC,JuliaIO/JLD.jl,KristofferC,@JuliaRegistrator register
2020-01-09 10:55:24 UTC,input-output-hk/ouroboros-network,i-o-m,"Hi Nick, Chris here. It'd be good if you could update this page to give a status of where we are on the Consensus testing so that higher level Product and Execs can see the good work here. 

We can set out what testing we have covered. What has been completed and what remains. Also some words that support the types of issues we've uncovered would be great. 

"
2020-01-23 18:10:35 UTC,ripe-tech/ripe-components-vue,now[bot],"
Successfully deployed to following URLs:

* https://ripe-components-vue-qdgdyoail.now.sh
* https://ripe-components-vue.platforme.now.sh
* https://ripe-components-vue-git-master.platforme.now.sh
	"
2020-01-14 06:24:00 UTC,enactjs/enact,MikyungKim,maybe... handleGlobalKeyDownCB?
2020-01-23 01:35:27 UTC,storybookjs/react-native,now[bot],"
Deployment failed with the following error:

~~~
Your `package.json` file is missing a `build` property inside the `scripts` property.
~~~
			"
2020-01-23 12:32:11 UTC,zeit-github-test/github-e2e-tests-dev-alias-v2-without-alias,now-test[bot],"
Successfully deployed to following URLs:

* https://github-e2e-tests-dev-alias-v2-without-alias-2bcb2ghxv.now.sh
* https://github-e2e-tests-dev-alias-v2-without-alias.zeit-github-test-dev1.now.sh
* https://github-e2e-tests-dev-alias-v2-without-alias-git-master.zeit-github-test-dev1.now.sh
	"
2020-01-27 15:48:54 UTC,zeit-github-test/github-e2e-tests-dev-alias-v1-with-alias,now-test[bot],"
Successfully deployed to following URLs:

* https://github-e2e-tests-dev-alias-v1-with-alias-denfdmqimg.now.sh
* https://z-github-e2e-tests-dev-only.now.sh
	"
2020-01-22 19:29:53 UTC,Edgeryders-Participio/multi-dreams,now[bot],"
Successfully deployed to following URLs:

* https://dreams-822r3otyk.now.sh
* https://dreams-kappa-sandy.now.sh
* https://dreams.wtf
* https://*.dreams.wtf
* https://dreams.participio.now.sh
* https://dreams-git-master.participio.now.sh
	"
2020-01-15 10:35:29 UTC,roleypoly/ui,now[bot],"
Successfully deployed to following URLs:

* https://ui-r35la82fx.now.sh
* https://ui.roleypoly.com
* https://ui.roleypoly.now.sh
* https://ui-git-master.roleypoly.now.sh
	"
2020-01-30 09:36:36 UTC,ropensci-org/blog-guidance,github-actions[bot],"You can go look at [the preview][1]. :smile_cat:

[1]: https://5e32a3a2e5dc6c45e6d7465e--ropensci-blog-guidance.netlify.com"
2020-01-29 15:49:02 UTC,AIR-FOI-HR/AIR1929,tjukica,#65 
2020-01-10 02:33:52 UTC,Build-Week-Farm-Fresh-Produce-2/Back-end,now[bot],"
Successfully deployed to following URLs:

* https://back-end-e3g1o0sb7.now.sh
* https://back-end-eight-iota.now.sh
* https://back-end.build-week-farm-fresh-produce-2-be.now.sh
* https://back-end-git-master.build-week-farm-fresh-produce-2-be.now.sh
	"
2020-01-09 03:58:31 UTC,excalidraw/excalidraw,now[bot],"
Successfully deployed to following URLs:

* https://excalidraw-4tobtvnw1.now.sh
* https://excalidraw.now.sh
* https://excalidraw.vjeux.now.sh
* https://excalidraw-git-master.vjeux.now.sh
	"
2020-01-22 03:02:23 UTC,AventlyIO/Avently,now[bot],"
Deployment failed with the following error:

~~~
Could not find a secret by name ""auth0_clientid""
~~~
			"
