2020-01-12 12:54:41 UTC,todokku/torrent.ano,majestrate,probably shouldn't commit secrets like this to github
2020-01-30 05:39:17 UTC,PranY/blurb,ayushthakur,connect billions of people instead of connect billions on people
2020-01-30 03:12:27 UTC,dcartwright07/positively-blackford,dcartwright07,![](https://github.trello.services/images/mini-trello-icon.png) [Calendar Widget](https://trello.com/c/7xrx6jo8/24-calendar-widget)
2020-01-14 22:34:35 UTC,bttmly/nba,garyking,"I think the year here, `2019`, should be a variable? Since it can be changed to get the teams for any given year, I imagine."
2020-01-28 19:08:21 UTC,Shmelkow/Diplom,Shmelkow,grid end
2020-01-14 11:11:50 UTC,JohnSully/KeyDB,rnz,Hi! I think it similar wrong statement can be detected by cppcheck. May be you add cppcheck to validate commits?
2020-01-27 20:17:27 UTC,shadow81627/pocketpasta,now[bot],"
Successfully deployed to following URLs:

* https://pocketpasta-1zeb3md36.now.sh
* https://pocketpasta.now.sh
* https://pocketpasta.damienrobinson.now.sh
* https://pocketpasta-git-master.damienrobinson.now.sh
	"
2020-01-27 17:40:58 UTC,maxbeatty/passplum,now[bot],"
Failed to assign a domain to your deployment due to the following error:

~~~
The domain maxbeatty.com couldn't be found.
~~~

([Learn more](https://zeit.co/maxbeatty/passplum/l062lfxvt) or [visit](https://passplum-l062lfxvt.now.sh) the non-aliased deployment)
"
2020-01-29 07:32:52 UTC,ventosus/lv2,temporaryrespite,"> This is just an inofficial patch. Please test against upstream [1] and report issues there.
> 
> [1] https://gitlab.com/lv2/lv2/

Unless I'm also misunderstanding, I believe your reply was rushed.
This is an issue solely with your patch, more specifically with this very commit/line.
Consider the context of where I placed [my comment](https://github.com/ventosus/lv2/commit/51e6005c9f33a9dd6ac5004a09fcb6ffbdee8dee#r36993819), the mentioned error, and look at the two embedded urls mentioned and the content of the webpages they point to."
2020-01-03 07:29:25 UTC,morgantaylor/lego-library,morgantaylor,![](https://github.trello.services/images/mini-trello-icon.png) [consolidate skin naming](https://trello.com/c/SzlA9OBr/158-consolidate-skin-naming)
2020-01-07 12:30:27 UTC,marlon360/vr-graph,now[bot],"
Successfully deployed to following URLs:

* https://vr-graph-90j8v0il4.now.sh
* https://vr-graph.now.sh
* https://vr-graph.marlon360.now.sh
* https://vr-graph-git-master.marlon360.now.sh
	"
2020-01-12 00:15:59 UTC,tomas-hartman/clean-the-mess,tomas-hartman,#14 
2020-01-02 21:47:53 UTC,Lartu/ldpl-web,dvkt,haha no rush! 
2020-01-25 21:46:37 UTC,lairjr/b-tournaments,now[bot],"
Successfully deployed to following URLs:

* https://b-tournaments-nto1oy0iw.now.sh
* https://adm-gochamps.lairjr.now.sh
* https://b-tournaments.lairjr.now.sh
* https://b-tournaments-git-master.lairjr.now.sh
	"
2020-01-31 01:20:28 UTC,Bakersbakebread/AutoModCog,Bakersbakebread,"![](https://github.trello.services/images/mini-trello-icon.png) [Change [p]<rule> toggle to accept bool, custom converter](https://trello.com/c/ZgkF3ZjH/27-change-prule-toggle-to-accept-bool-custom-converter)"
2020-01-23 13:42:10 UTC,sadasu/machine-api-operator,sadasu,"Done. Yes, that is a better name."
2020-01-09 16:14:32 UTC,archillomidze/Drug_Store,ninoshainidze,selectebio
2020-01-01 17:12:58 UTC,FakelsHub/sFall-Extended,FakelsHub,can use animation colors for dots :p
2020-01-14 16:45:10 UTC,denyszamiatin/ma_shop,denyszamiatin,remove this!!!
2020-01-26 18:53:01 UTC,bitsongofficial/networks,angelorc,"`signature verification failed; verify correct account sequence and chain-id` same issue.

"
2020-01-29 09:18:39 UTC,leeyawnz/testing,now[bot],"
Successfully deployed to following URLs:

* https://leeyawnz-4y03opruf.now.sh
* https://leeyawnz.now.sh
* https://leeyawnz.leeyawnz.now.sh
* https://leeyawnz-git-master.leeyawnz.now.sh
	"
2020-01-17 09:09:40 UTC,Shock95x/AuctionHouse,SOF3,"Dear @Shock95x,
> I regret to inform you that your plugin ""**AuctionHouse**"" (v1.0.1 submitted on 2020-01-04T19:59:25.000Z) has been rejected.



C1a &mdash; Namespace format:
> All plugins must choose a **unique** namespace that will not be accidentally collided by other plugins. The plugin must begin with the author name (unless its an official plugin, because the namespace `pocketmine` is disallowed), followed by any identifier such that the author himself remembers which plugin it corresponds to. The recommended namespace format is `AuthorName\PluginName`. The author name should use one that corresponds to the GitHub username/org name to prevent collision.

Please resolve these issues and submit the plugin again.

> This comment is posted here because this is the last commit when the released build was created."
2020-01-10 12:19:12 UTC,Vegann/just-type,now[bot],"
Successfully deployed to following URLs:

* https://just-type-dm0qepvnu.now.sh
* https://just-type.now.sh
* https://just-type.vegann.now.sh
* https://just-type-git-master.vegann.now.sh
	"
2020-01-10 06:15:30 UTC,klau5/cargo_tracker,now[bot],"
Successfully deployed to following URLs:

* https://cargotracker-mn3qsfi1p.now.sh
* https://calisto.now.sh
* https://cargotracker.waltenapp.now.sh
* https://cargotracker-git-dev.waltenapp.now.sh
	"
2020-01-30 20:50:06 UTC,mauroreisvieira/hello-week,now[bot],"
Successfully deployed to following URLs:

* https://hello-week-9j2zchi2u.now.sh
* https://hello-week.now.sh
* https://hello-week.mauroreisvieira.now.sh
* https://hello-week-git-master.mauroreisvieira.now.sh
	"
2020-01-26 16:20:57 UTC,monish-1234/Cashfree-Cost-Calculator-Python-,Arunnaidu3470,:smile:
2020-01-30 05:41:47 UTC,SnowflakeBEW/PrimalExtinctionBot,SnowflakeBEW,"I changed the token since this was posted :P

But I wanted to show it this way so people know exactly what this long string was. If you look in the past history you can see what the token used to be, or where it should go in the current view."
2020-01-10 20:18:59 UTC,elmaester/hire-oleg,now[bot],"
Successfully deployed to following URLs:

* https://hire-oleg-ig5o8d1ag.now.sh
* https://hire-oleg.now.sh
* https://hire-oleg.elmaester.now.sh
* https://hire-oleg-git-master.elmaester.now.sh
	"
2020-01-29 14:14:16 UTC,Padraig22/Food-sonic,Padraig22,this is the latest commit
2020-01-22 23:43:19 UTC,zyadelhady/twitter-clone,now[bot],"
Failed to assign a domain to your deployment due to the following error:

~~~
The domain twitter-clone.com is not verfied and cannot be used as an alias.
~~~

([Learn more](https://zeit.co/zyade40/twitter-clone/iyburq596) or [visit](https://twitter-clone-iyburq596.now.sh) the non-aliased deployment)
"
2020-01-08 18:40:00 UTC,bambootest-bot/githubtest,bambootest-bot,"# Specs execution successful
:scroll: [View logs](http://bamboo.comnull)
### Plans updated

Bamboo specs have been successfully imported and the following plans have been updated.

Project | Plan | Build
---|---|---
[Test](http://bamboo.com/browse/TEST) | [Comment test](http://bamboo.com/browse/TEST-CTEST)  | :white_check_mark: [\#1](http://bamboo.com/browse/TEST-CTEST-1)
[New project](http://bamboo.com/browse/NEW) | [Disabled plan](http://bamboo.com/browse/NEW-DISABLED) **disabled** | :white_check_mark: [\#1](http://bamboo.com/browse/NEW-DISABLED-1)

### Deployments updated

Bamboo specs have been successfully imported and the following deployment projects have been updated.

|Deployment project |
----|
[Deployment test](http://bamboo.com/deploy/viewDeploymentProjectVersions.action?id=2162689)|
"
2020-01-29 04:33:41 UTC,thaddeusm/contenteditable,now[bot],"
Successfully deployed to following URLs:

* https://contenteditable-3m6vn2jta.now.sh
* https://contenteditable.now.sh
* https://writingtoolkit.online
* https://contenteditable.thaddeusmccleary.now.sh
* https://contenteditable-git-master.thaddeusmccleary.now.sh
	"
2020-01-29 13:50:31 UTC,Alex-1985/Jek,Alex-1985,"All your tests should be reusable from the array list test, as actually this is list - doesn't matter what is it build on"
2020-01-11 16:56:58 UTC,developerdavi/tessitura-books,now[bot],"
Successfully deployed to following URLs:

* https://tessitura-books-gwhpwngck.now.sh
* https://tessitura-books.now.sh
* https://tessitura-books.devdavi.now.sh
* https://tessitura-books-git-master.devdavi.now.sh
	"
2020-01-15 10:20:05 UTC,tpapp/DynamicHMC.jl,JuliaRegistrator,"Registration pull request created: [JuliaRegistries/General/7960](https://github.com/JuliaRegistries/General/pull/7960)

After the above pull request is merged, it is recommended that a tag is created on this repository for the registered package version.

This will be done automatically if [Julia TagBot](https://github.com/apps/julia-tagbot) is installed, or can be done manually through the github interface, or via:
```
git tag -a v2.1.3 -m ""<description of version>"" 3730c6cfac9d2bd5e97b2e210f1ecb8ba7fe46d6
git push origin v2.1.3
```
"
2020-01-24 08:38:02 UTC,cullophid/editor,now[bot],"
Successfully deployed to following URLs:

* https://editor-aucjk2xoi.now.sh
* https://webeditor.now.sh
* https://editor.cullophid.now.sh
* https://editor-git-master.cullophid.now.sh
	"
2020-01-11 12:46:35 UTC,th0ma7/synology,th0ma7,"@christophe-consoflash are you using it with VideoStation?
If so please consider using the wrapper from Benjamin at
https://gist.github.com/BenjaminPoncet/bbef9edc1d0800528813e75c1669e57e
That should solve your issue."
2020-01-30 22:51:42 UTC,odinsey/google-fonts-webpack-plugin,odinsey,It's not Raleway but Quicksand
2020-01-31 15:28:08 UTC,ayezac/recipe-website-frontend,now[bot],"
Successfully deployed to following URLs:

* https://recipes-otjs10ch3.now.sh
* https://recipes-phi-azure.now.sh
* https://recipes.ayeshazac.now.sh
* https://recipes-git-master.ayeshazac.now.sh
	"
2020-01-27 21:14:26 UTC,enricoaleandri/merge-package-json,modernpk,"Looks like this is not published on `npm`, can you please do that?"
2020-01-17 04:42:38 UTC,whatevea/Flaskapi1,now[bot],"
Successfully deployed to following URLs:

* https://flaskapi1-lraiutp8v.now.sh
* https://flaskapi1.sandipbamrel.now.sh
* https://flaskapi1-git-master.sandipbamrel.now.sh
	"
2020-01-13 19:14:39 UTC,jaredpalmer/formik,now[bot],"
Successfully deployed to following URLs:

* https://formik-docs-6vd95nyfn.now.sh
* https://formik-docs.now.sh
* https://formik-docs.jared.now.sh
* https://formik-docs-git-master.jared.now.sh
	"
2020-01-11 10:05:13 UTC,AKkilla69/https-github.com-vuvutestaccount-braintreephp,Mrwang588,"[https-github.com-vuvutestaccount-braintreephp-e64514192089a0d3044a1003bd9cba38f3aa2e16.zip](https://github.com/AKkilla69/https-github.com-vuvutestaccount-braintreephp/files/4049183/https-github.com-vuvutestaccount-braintreephp-e64514192089a0d3044a1003bd9cba38f3aa2e16.zip)
"
2020-01-20 21:28:03 UTC,devin5/Devin-s-Portfolio,now[bot],"
Successfully deployed to following URLs:

* https://devin-s-portfolio-mcja1c42t.now.sh
* https://devin-s-portfolio.now.sh
* https://devindias.tech
* https://devin-s-portfolio.devindiastech.now.sh
* https://devin-s-portfolio-git-master.devindiastech.now.sh
	"
2020-01-21 08:06:29 UTC,phobos2077/sfall,NovaRain,"Or maybe it's better to change the description to 10, 11? Since it's the value play_movie uses."
2020-01-25 14:31:22 UTC,Mohammed772/Coding,Mohammed772,P.S.
2020-01-26 08:50:23 UTC,zzossig/blog,now[bot],"
Successfully deployed to following URLs:

* https://blog-21mrdqq9u.now.sh
* https://blog-lemon-eight.now.sh
* https://zzossig.io
* https://zzossig.now.sh
* https://blog.zzossig.now.sh
* https://blog-git-master.zzossig.now.sh
	"
2020-01-30 16:46:15 UTC,achuthhadnoor/snipcodereact,now[bot],"
Successfully deployed to following URLs:

* https://snipcodereact-43indzyij.now.sh
* https://snipcodereact.now.sh
* https://snipnote.now.sh
* https://snipcodereact.achuth.now.sh
* https://snipcodereact-git-master.achuth.now.sh
	"
2020-01-24 21:31:59 UTC,RoxanaHernandez/roxanahernandez.github.io,RoxanaHernandez,ok
2020-01-25 18:16:12 UTC,samrobbins85/studentcook.now.sh,now[bot],"
Successfully deployed to following URLs:

* https://studentcooknowsh-fnhuo2t28.now.sh
* https://studentcook.now.sh
* https://studentcooknowsh.samrobbins1.now.sh
* https://studentcooknowsh-git-master.samrobbins1.now.sh
	"
2020-01-30 16:45:28 UTC,Timgill987/Sprint-Challenge-React-Wars,now[bot],"
Deployment failed with the following error:

~~~
You defined 1 build that did not match any source files (please ensure they are NOT defined in .nowignore):
~~~
			"
2020-01-17 18:32:46 UTC,marcopgordillo/sapper-demo,now[bot],"
Successfully deployed to following URLs:

* https://sapper-demo-6zfck9894.now.sh
* https://sapper-demo-nine-gold.now.sh
* https://sapper-demo.marcopgordillo.now.sh
* https://sapper-demo-git-master.marcopgordillo.now.sh
	"
2020-01-23 14:21:57 UTC,JasonBarnabe/greasyfork,JasonBarnabe,"Should it? No. But I don't think it hurts anything.

It's there as a side effect of using SQL structure dumps, which IIRC was because of the need to include forum tables in the dump."
2020-01-26 18:31:47 UTC,bambootest-bot/githubtest,bambootest-bot,"# Specs execution successful
:scroll: [View logs](http://bamboo.comnull)
### Plans updated

Bamboo specs have been successfully imported and the following plans have been updated.

Project | Plan | Build
---|---|---
[Test](http://bamboo.com/browse/TEST) | [Comment test](http://bamboo.com/browse/TEST-CTEST)  | :white_check_mark: [\#1](http://bamboo.com/browse/TEST-CTEST-1)
[New project](http://bamboo.com/browse/NEW) | [Disabled plan](http://bamboo.com/browse/NEW-DISABLED) **disabled** | :white_check_mark: [\#1](http://bamboo.com/browse/NEW-DISABLED-1)

### Deployments updated

Bamboo specs have been successfully imported and the following deployment projects have been updated.

|Deployment project |
----|
[Deployment test](http://bamboo.com/deploy/viewDeploymentProjectVersions.action?id=2162689)|
"
2020-01-08 06:24:13 UTC,Platane/Platane.github.io,now[bot],"
Successfully deployed to following URLs:

* https://platanegithubio-1p2x3an6d.now.sh
* https://platane.me
* https://platanegithubio.platane0.now.sh
* https://platanegithubio-git-dev.platane0.now.sh
	"
2020-01-08 06:40:36 UTC,KnackHops/back2back,KnackHops,asdfasdf
2020-01-06 11:23:46 UTC,Lockers/Pool-Project-Front-End,now[bot],"
Successfully deployed to following URLs:

* https://pool-project-front-end-8flwx7cn2.now.sh
* https://pool-project-front-end.now.sh
* https://ladder.telfordpool.tv
* https://pool-project-front-end.mattlocklin.now.sh
* https://pool-project-front-end-git-master.mattlocklin.now.sh
	"
2020-01-25 05:54:34 UTC,LakshmiKendre/employeeWage,KapleAkanksha,"Use switch statement, it's more feasible."
2020-01-28 21:36:42 UTC,aimeos/ai-client-html,danb7788,"Fantastic, thanks, I'll use the new feature in my project!"
2020-01-31 16:26:31 UTC,SAP/jenkins-library,stippi2,"I tried to dig a bit deeper and actually I don't quite understand how this works. I see use of a `checkError()` method in places, which invokes `os.Exit(code int)`. This is documented to exit immediately, deferred functions are not run. So somehow the `logrus` package overrides `os.Exit()` to run the handlers registered by via `log.DeferExitHandler()`? Or is `checkError()` supposed to call `logrus.Exit()`? Helpful pointers appreciated. :-)"
2020-01-30 18:28:47 UTC,NREL/EnergyPlus,nrel-bot-3,"7608ZeroSolarLoadZoneCompSummWeatherFileDays (rraustad) - x86_64-MacOS-10.13-clang: OK (2619 of 2619 tests passed, 0 test warnings)






<a href='https://nrel.github.io/EnergyPlusBuildResults/EnergyPlus-cd1234989964a6bc9784ea72064de4f3a632536c-x86_64-MacOS-10.13-clang.html'>![Build Badge](http://img.shields.io/badge/build%20status-passing-green.png)</a> <a href='https://nrel.github.io/EnergyPlusBuildResults/EnergyPlus-cd1234989964a6bc9784ea72064de4f3a632536c-x86_64-MacOS-10.13-clang.html'>![Test Badge](http://img.shields.io/badge/tests%20passed-100.0%25-green.png)</a> 
"
2020-01-18 07:51:45 UTC,NREL/EnergyPlus,nrel-bot-2b,"NFP---Connect-split-DX-to-VRF-refrigerant-loop (rraustad) - x86_64-Linux-Ubuntu-18.04-custom_check: Build Failed






<a href='https://nrel.github.io/EnergyPlusBuildResults/EnergyPlus-e4af7b49bc7af89239ebf70c02d4242e25e43bf9-x86_64-Linux-Ubuntu-18.04-custom_check.html'>![Build Badge](http://img.shields.io/badge/build%20status-failing-red.png)</a>  
"
2020-01-09 15:56:21 UTC,zeit/now,now[bot],"
Successfully deployed to following URLs:

* https://now-2bw7vsr0k.now.sh
* https://now-rho-two.now.sh
* https://api-frameworks.zeit.sh
* https://now.zeit.now.sh
* https://now-git-master.zeit.now.sh
	"
2020-01-31 18:44:13 UTC,bvcms/bvcms,bvcms-teamcity,"TeamCity Bvcms / Build [Build 3496](https://builds.tpsdb.com/viewLog.html?buildId=11771&buildTypeId=Bvcms_Build) outcome was **FAILURE**
Summary: Tests failed: 2, passed: 225 Build time: 00:27:39
### Failed tests
```
Webapp collection (1): IntegrationTests.Areas.Manage.ScriptControllerTests.PyScriptFormTest: Shouldly.ShouldAssertException : PageSource
    should contain (case insensitive comparison)
""New York""
    but was actually
""<html lang=""en-US""><head>
    <link rel=""shortcut icon"" href=""/favicon.ico?v=4"">
    <meta charset...""
   at IntegrationTests.Areas.Manage.ScriptControllerTests.PyScriptFormTest() in C:\TeamCity\buildAgent\work\de2c4e6ef697cb99\IntegrationTests\Areas\General\ScriptControllerTests.cs:line 69

Webapp collection (1): IntegrationTests.Areas.Manage.AccountTests.MyData_User_ForgotPassword_Test: Shouldly.ShouldAssertException : user.ResetPasswordCode
    should not be null but was
   at IntegrationTests.Areas.Manage.AccountTests.MyData_User_ForgotPassword_Test() in C:\TeamCity\buildAgent\work\de2c4e6ef697cb99\IntegrationTests\Areas\Manage\AccountTests.cs:line 131

```
"
2020-01-07 15:24:38 UTC,jazyx/lobster,now[bot],"
Successfully deployed to following URLs:

* https://lobster-cdujutxr9.now.sh
* https://lobster.now.sh
* https://lobster.blackslate.now.sh
* https://lobster-git-master.blackslate.now.sh
	"
2020-01-02 02:02:54 UTC,apache/couchdb,jiangphcn,"```
Application crypto was left running!
  CORS tests
    Server
      undefined
      *** context setup failed ***
**in function gen_server:call/2 (gen_server.erl, line 215)
in call from couchdb_cors_tests:setup/0 (test/eunit/couchdb_cors_tests.erl, line 43)
in call from couchdb_cors_tests:setup/1 (test/eunit/couchdb_cors_tests.erl, line 48)
**exit:{noproc,{gen_server,call,[couch_httpd,{get,port}]}}
```"
2020-01-29 03:02:05 UTC,tmobile/stf_ios_support,nanoscopic,This line should be removed. It is just a debugging log line for a quick check during development.
2020-01-05 13:44:52 UTC,atoptima/DynamicSparseArrays.jl,guimarqu,@JuliaRegistrator register
2020-01-03 00:20:16 UTC,facebook/buck,brianduff,The aapt executable was added to the rulekey in aa927cc
2020-01-20 17:42:18 UTC,makerdao/mcd-cdp-portal,jparklev,<3
2020-01-14 02:37:04 UTC,akaj-team/Intern19Winter-2,at-dev-support-01,"WARNING: [LabelFor] Missing accessibility label: provide either a view with an `android:labelFor` that references this view or provide an `android:hint`
 Editable text fields should provide an `android:hint` or, provided your `minSdkVersion` is at least 17, they may be referenced by a view with a `android:labelFor` attribute.

When using `android:labelFor`, be sure to provide an `android:text` or an `android:contentDescription`.

If your view is labeled but by a label in a different layout which includes this one, just suppress this warning from lint."
2020-01-26 23:43:25 UTC,bugfender/cordova-plugin-bugfender,anatolykazantsev,"Hello, I think this commit should be tagged as 1.3.0 release. Thanks!"
2020-01-04 02:59:58 UTC,dot-layer/blog,davebulaval,_Facebook_. @samperochkin 
2020-01-06 22:19:34 UTC,microsoft/pxt-calliope,pelikhan,You might be missing https://github.com/microsoft/pxt-microbit/commit/3d5b6d43cc2f7dcd08fe8b80c49edaeee5c608a5
2020-01-30 09:11:37 UTC,osmandapp/OsmAnd-resources,sveinki,"Translating OSMAnd, I've been looking for further information on this definition: name=""volcano_type_dirt"" tag=""volcano:type"" value=""dirt"".
I can't find any discussion or pointers on how this ended up as a volcano type - I even had a chat with two prominent geologists/volcanologists who are totally blank on what this is supposed to mean. Can you (@xmd5a2) give me any further info?"
2020-01-18 18:25:55 UTC,phpseclib/phpseclib,terrafrost,See #349
2020-01-09 16:20:52 UTC,ripe-tech/ripe-commons-pluginus,now[bot],"
Successfully deployed to following URLs:

* https://ripe-commons-pluginus-1zix8409r.now.sh
* https://ripe-commons-pluginus.platforme.now.sh
* https://ripe-commons-pluginus-git-master.platforme.now.sh
	"
2020-01-24 17:05:58 UTC,OpenNebula/one,GitCop,"There were the following issues with your Pull Request

  * Subject needs to conform to ""%{type} #%{issue_number}: %{description}""
  * Subject must be equal or less than 50

Guidelines are available at https://github.com/OpenNebula/one/blob/master/share/doc/dev/COMMIT_MESSAGES.md

---
This message was auto-generated by https://gitcop.com
"
2020-01-19 05:41:34 UTC,karyanesia/kntl.app,now[bot],"
Successfully deployed to following URLs:

* https://kntl-boardapp-gejzrvbct.now.sh
* https://kntl-board.now.sh
* https://kntl-boardapp.karyanesia-factory.now.sh
* https://kntl-boardapp-git-master.karyanesia-factory.now.sh
	"
2020-01-08 17:59:20 UTC,conda-forge/visdcc-feedstock,conda-forge-linter,"
Hi! This is the friendly automated conda-forge-webservice.

I updated the Github team because of this commit.

- @jfallmann was added to conda-forge. Welcome to conda-forge!
  Go to https://github.com/orgs/conda-forge/invitation see your invitation.

You should get push access to this feedstock and CI services.

Feel free to join the community [chat room](https://gitter.im/conda-forge/conda-forge.github.io).

NOTE: Please make sure to not push to the repository directly.
      Use branches in your fork for any changes and send a PR.
      More details [here](https://conda-forge.org/docs/maintainer/updating_pkgs.html#forking-and-pull-requests)
"
2020-01-20 21:03:30 UTC,joomlaworks/simple-image-gallery,Kostelano,"Good evening! Please tell me when will version 4.1.0 be available for download on your site (or for updates in the admin panel)?

Thanks."
2020-01-18 02:23:38 UTC,storybookjs/storybook,now[bot],"
Successfully deployed to following URLs:

* https://monorepo-jf1t4netv.now.sh
* https://storybookjs.now.sh
* https://storybookjs-next.now.sh
* https://monorepo.storybook.now.sh
* https://monorepo-git-next.storybook.now.sh
	"
2020-01-04 16:01:34 UTC,OpenVisionE2/enigma2-openvision,fairbird,"'+ 0' do nothing ...
I can remove if I will add commit .."
2020-01-07 11:51:40 UTC,nice-digital/MAS,NICE-TeamCity,"TeamCity MAS / MAS [Build 1.0.0.378-MAS-111-StaticSiteFi](https://teamcity.nice.org.uk/viewLog.html?buildId=63819&buildTypeId=Mas_Mas) outcome was **SUCCESS**
Summary: Running Build time: 00:02:38"
2020-01-19 16:50:18 UTC,tribesaround/tribesaround,now[bot],"
You are pushing commits at a very fast pace (across the whole organization).
Due to that, we cannot deploy the commit 0153502e1f990ffd3c12542ec982be0bd8834b9c.

You can try again later or [upgrade](https://zeit.co/teams/tribalteam/settings/plan) your plan.
		"
2020-01-30 19:18:40 UTC,MyEtherWallet/MyEtherWallet,mew-bot,Copy of this build can be found at <br/>https://www.mewbuilds.com/build/e8677b2889410b6ec7fc20a0dfdfaf627fbd73ca/index.html<br/>                       https://www.cloudflare-ipfs.com/ipfs/Qme8E8XvpUYt57UkWvfQnphZxUrP2DxGRnudd7fXx7bYWM <br/>                       Virus Total analysis <br/>                       https://www.virustotal.com/file/0a842830bdfba36d480266d9d0471254ffb64363cc3536dcadb379f90358ef82/analysis/1580411911/
2020-01-09 20:01:44 UTC,MyEtherWallet/MyEtherWallet,mew-bot,Copy of this build can be found at <br/>https://www.mewbuilds.com/build/3fbcaef7ddcee90de10085fcdb77289390b36cac/index.html<br/>                       https://www.cloudflare-ipfs.com/ipfs/QmSrTw61nxmEVxAt1AkSJXrfCdkhdLkckiRCvGmcPU6P9p <br/>                       Virus Total analysis <br/>                       https://www.virustotal.com/file/509aab55c0e12640ce56a31b58e6410726e41e8a88d6313cb2696285ffa3d06a/analysis/1578600099/
2020-01-03 01:14:37 UTC,Plant-Purpose/front-end-pp,now[bot],"
Successfully deployed to following URLs:

* https://front-end-pp-a2tb6saxb.now.sh
* https://front-end-pp.now.sh
* https://front-end-pp.plantpurpose.now.sh
* https://front-end-pp-git-master.plantpurpose.now.sh
	"
2020-01-14 09:47:30 UTC,CodegymC0919G1/Front_End,thanhduong126,a
2020-01-29 18:11:41 UTC,SUI-Components/sui-components,now[bot],"
Successfully deployed to following URLs:

* https://sui-components-c9eumvyyx.now.sh
* https://sui-components.now.sh
* https://suicomponents.now.sh
* https://sui-components.schibstedspain.now.sh
* https://sui-components-git-master.schibstedspain.now.sh
	"
2020-01-07 10:12:30 UTC,opencollective/opencollective-bot,now[bot],"
Successfully deployed to following URLs:

* https://opencollective-bot-6hxbyy4rf.now.sh
* https://opencollective-bot-git-master.opencollective.now.sh
	"
2020-01-27 23:21:48 UTC,prplfoundation/prplMesh,tomereli,Add link to the github issue
2020-01-27 15:33:09 UTC,ArrowOS-Devices/android_device_lenovo_A6020,AndroiableDroid,Is it increases quality?
2020-01-04 16:30:33 UTC,climate-machine/Oceananigans.jl,ali-ramadhan,@JuliaRegistrator register()
2020-01-07 02:37:15 UTC,spring-projects/spring-boot,larrywest,"@wilkinsona This may affect external users of `spring-boot-dependencies` and `spring-boot-starter-parent`, won't it? Is that intended?

Would it be problematic to leave the `<pluginManagement>` entries for `maven-site-plugin` in `spring-boot-dependencies`?"
2020-01-27 02:42:42 UTC,MHS-APCS-Hartman/consumer-review-TaelaB,TaelaB,Is this good? @Briyannis
2020-01-31 00:00:21 UTC,zeit-github-test/github-e2e-test-dev-domain-issues,now-test[bot],"
Failed to assign a domain to your deployment due to the following error:

~~~
The domain 02qhujpnbn.com is not verfied and cannot be used as an alias.
~~~

([Learn more](http://localhost:3000/zeit-github-test-dev/github-e2e-test-dev-domain-issues/noikepe2y) or [visit](https://github-e2e-test-dev-domain-issues-noikepe2y.now.sh) the non-aliased deployment)
"
2020-01-23 16:19:43 UTC,zeit-github-test/github-e2e-tests-dev-alias-v1-with-alias,now-test[bot],"
Successfully deployed to following URLs:

* https://github-e2e-tests-dev-alias-v1-with-alias-xjyyfijtda.now.sh
* https://z-github-e2e-tests-dev-only.now.sh
	"
2020-01-29 04:35:03 UTC,zeit-github-test/github-e2e-tests-dev-alias-v2-without-alias,now-test[bot],"
Successfully deployed to following URLs:

* https://github-e2e-tests-dev-alias-v2-without-alias-ox7xih1sp.now.sh
* https://github-e2e-tests-dev-alias-v2-without-alias.zeit-github-test-dev1.now.sh
* https://github-e2e-tests-dev-alias-v2-without-alias-git-master.zeit-github-test-dev1.now.sh
	"
2020-01-06 06:43:56 UTC,zeit-github-test/github-e2e-tests-dev-alias-v2-with-alias,now-test[bot],"
Successfully deployed to following URLs:

* https://github-e2e-tests-dev-alias-v2-with-alias-ck5tszuab.now.sh
* https://z-github-e2e-tests-dev-alias-v2-with-alias.now.sh
* https://github-e2e-tests-dev-alias-v2-with-alias.zeit-github-test-dev1.now.sh
* https://github-e2e-tests-dev-alias-v2-with-alias-git-master.zeit-github-test-dev1.now.sh
	"
2020-01-31 06:13:52 UTC,litecoin-foundation/loafwallet-android,EbenezerGH,what did we have to lower the min sdk for?
