2020-01-13 10:23:04 UTC,Wakasso94/CLI,youssoufou-laouali,faut utiliser cat Mon Frere
2020-01-23 21:41:19 UTC,ldaug/my-website,ldaug,"## Commit Comment
blah blah blah"
2020-01-15 05:52:03 UTC,fromcortes/setroc,now[bot],"
Deployment failed with the following error:

~~~
Couldn't parse JSON file /tmp/MHz4D2dmHkgW7aS5Kmxn2PS5/repo/now.json.
~~~
			"
2020-01-06 03:03:52 UTC,JonStryker/Witcher,ajjr1996,"	can_use = {
		ROOT = {
			has_landed_title = e_the_north
			NOT = {
				is_liege_or_above = FROM 
				culture = wilderness
			}
		}
		FROM ={
			NOT = {
				culture = wilderness 
			}
		}
	}
	
	can_use_title = {
	   region = world_the_north
	}
	
	is_valid_title = {
		FROM = {
			any_realm_title = {
				de_jure_liege_or_above = PREVPREV
			}
		}
	}"
2020-01-31 07:33:23 UTC,shivu019/Mobiles,shivu019,xXX
2020-01-08 00:22:13 UTC,silasgroskreutz/pet1,now[bot],"
Successfully deployed to following URLs:

* https://pet1-ia75o6xym.now.sh
* https://pet1.now.sh
* https://pet1.silasgroskreutz.now.sh
* https://pet1-git-master.silasgroskreutz.now.sh
	"
2020-01-08 18:30:36 UTC,lefcott19/Utils,now[bot],"
Successfully deployed to following URLs:

* https://utils-bmakcnpxq.now.sh
* https://utils-lyart-nu.now.sh
* https://utils.leandrocotti.now.sh
* https://utils-git-master.leandrocotti.now.sh
	"
2020-01-30 12:30:15 UTC,s0md3v/Arjun,sohailbzioui,"<img src=1 onerror=""alert(1)"">"
2020-01-16 20:00:53 UTC,Nydragon00/debug_wifi,Nydragon00,Corrected a typo
2020-01-28 13:54:03 UTC,POSHCOIN/assets,POSHCOIN,"{
  ""0x56bB6f961F2CB9947FEa063Df1A42c2233487903"": {
    ""name"": ""TAPSPAY"",
    ""logo"": ""images (3)-256x256.png ""
  }
}"
2020-01-06 17:23:34 UTC,creio/zeit,now[bot],"
Successfully deployed to following URLs:

* https://cvc-wstqy7yqq.now.sh
* https://cvc.now.sh
* https://cvc.creio.now.sh
* https://cvc-git-master.creio.now.sh
	"
2020-01-17 02:36:15 UTC,LongHB-web/os2020,SonTG,"What does that mean? ""regulnjarly""??!!??!"
2020-01-08 05:34:10 UTC,joseluisrg/bucket_uploader,joseluisrg,"IBM Cloud [toolchain](https://cloud.ibm.com/devops/toolchains/03ceab69-c8fb-427b-8c49-daef2c5184da?env_id=ibm%3Ayp%3Aus-south ""bucket_uploader_kubetoolchain""): [Delivery Pipeline](https://cloud.ibm.com/devops/pipelines/c2704ee4-2e40-43db-a36e-1c51525dea65 ""hello-containers-20191220065751955"") deployed [bucket_uploader](https://github.com/joseluisrg/bucket_uploader/releases/tag/deploy-jl-cluster-20200108-053409 ""deploy-jl-cluster-20200108-053409"") to [jl-cluster](https://console.bluemix.net/kubernetes/clusters/bnu61vrd08fcotchutn0/overview ""There was a problem retrieving the space name""), including this commit"
2020-01-12 00:30:22 UTC,mevius6/bodymind.studio,now[bot],"
Successfully deployed to following URLs:

* https://bodymindstudio-9rbteqh1n.now.sh
* https://body-mind.studio
* https://bodymind.studio
* https://bodymindstudio.inprod.now.sh
* https://bodymindstudio-git-master.inprod.now.sh
	"
2020-01-16 03:12:55 UTC,AnonBaiter/le_quickbms_script_compendium,AnonBaiter,this makes the script look much better but should have no noticeable difference during execution.
2020-01-31 03:31:11 UTC,actuosus/revolut-task,now[bot],"
Successfully deployed to following URLs:

* https://revoluttask-jh4t0eb0s.now.sh
* https://revoluttask.now.sh
* https://revoluttask.actuosus.now.sh
* https://revoluttask-git-master.actuosus.now.sh
	"
2020-01-26 01:10:11 UTC,mdimtiaz86/wordpress,mdimtiaz86,Hi
2020-01-23 17:00:58 UTC,Yuudaari/soulus,Yuudaari,Tfw close wrong issue sigh
2020-01-31 07:11:31 UTC,amalv/circleback-design-system,amalv,"Deploy preview for _website_ ready!

Built with commit 394487e4c4ca07a3f08de775fc82bb60c66bd8a2

https://circleback-design-system-neb3fhzlf.now.sh"
2020-01-14 09:33:10 UTC,Aloxaf/dotfiles,romkatv,"> I thought I could enable instant prompt just by making choice in the wizard.

That works. Wizard adds these extra lines to `${ZDOTDIR:-$HOME}/.zshrc`. I suppose you've removed them manually?

> You're right, instant prompt is VERY AMAZING! It's so fluent, I don't need turbo-mode anymore!

Thanks!

With instant prompt you can load plugins any way you like, be it through zplugin or anything else. Zsh will still give you *instant* prompt when you start it."
2020-01-07 09:56:12 UTC,tqtu/gooddata-ruby,phong-nguyen-duy,"message is optional, default is empty string.
check status is OK, ERROR, WARNING. otherwise, log warning ""Unknown execution status \""#{status}\"", ignored it."" "
2020-01-12 00:38:25 UTC,allanglez/lobbyist-frontend,allanglez,"[![Visit Site](https://raw.githubusercontent.com/pantheon-systems/terminus-build-tools-plugin/master/assets/images/visit-site-36.png)](https://pr-19-lobbyist-frontend.pantheonsite.io/)

Created multidev environment [pr-19](https://dashboard.pantheon.io/sites/1408e6b1-2c9d-41f7-aa9c-d0e0920cba1c#pr-19) for lobbyist-frontend."
2020-01-09 08:51:33 UTC,sejin8642/gitpractice,sejin8642,Why is there no profile picture this time?
2020-01-18 15:51:18 UTC,noobsec/noobsec.github.io,dwisiswant0,LOL
2020-01-03 20:36:07 UTC,pashatay/bestie,now[bot],"
Successfully deployed to following URLs:

* https://bestie-dmrr78qcj.now.sh
* https://bestie.now.sh
* https://bestie.pashatay.now.sh
* https://bestie-git-master.pashatay.now.sh
	"
2020-01-01 21:18:11 UTC,dtroode/kistauri,now[bot],"
Successfully deployed to following URLs:

* https://kistauri-gaehs7ts7.now.sh
* https://davidkistauri.ru
* https://kistauri.dtroode.now.sh
* https://kistauri-git-master.dtroode.now.sh
	"
2020-01-11 18:20:22 UTC,AxmetES/instagram_api,AxmetES,"An emergency happened, some of the files from the project were lost, everything had to be restored"
2020-01-29 21:26:45 UTC,thomasboyt/coquette-inspect,deanag412,"help ive been hacked and tere using my backgrond to send messages
"
2020-01-17 05:56:38 UTC,sampsonjoliver/acg-pwa,github-actions[bot],"Deploy preview for _website_ ready!

Built with commit 166a73c69ed6a8aba8b0586b509c822d0dcf6fdd

https://acg-pwa-lvv5dk9ym.now.sh"
2020-01-29 15:00:56 UTC,shtalinberg/django-actions-logger,shtalinberg,"Yes, this is specifically in this case there is nothing critical
when there is a need to actively develop this application - it will be possible to add some logging :-)"
2020-01-14 02:36:30 UTC,xiaofeiwang158/new_start,xiaofeiwang158,"print(""Hello world"")"
2020-01-10 12:33:35 UTC,deniadobras/RepoDeniaDecember,lburcas,"# Write and save a program that prints out your name and waits for the user to press the Enter key before the program ends.
- you need to print you name then wait for the user to press the enter key to exit and not printing the user name and exit the entire program"
2020-01-04 17:55:27 UTC,nandomoreirame/engrenagemfixa,now[bot],"
Successfully deployed to following URLs:

* https://engrenagemfixa-a3pt5rhib.now.sh
* https://engrenagemfixa.now.sh
* https://engrenagemfixa.nandomoreira.dev
* https://engrenagemfixa.nandomoreira.now.sh
* https://engrenagemfixa-git-master.nandomoreira.now.sh
	"
2020-01-05 16:24:52 UTC,sgouver/portfolioNextJS,now[bot],"
Successfully deployed to following URLs:

* https://portfolionextjs-dr9atpa4c.now.sh
* https://portfolionextjs.now.sh
* https://portfolionextjs.sgouver.now.sh
* https://portfolionextjs-git-master.sgouver.now.sh
	"
2020-01-25 11:02:57 UTC,sujaykundu777/devlopr-jekyll,now[bot],"
Successfully deployed to following URLs:

* https://devlopr-jekyll-qjb1xcm0n.now.sh
* https://devlopr-jekyll.now.sh
* https://devlopr-jekyll.sujaykundu777.now.sh
* https://devlopr-jekyll-git-master.sujaykundu777.now.sh
	"
2020-01-12 17:33:29 UTC,YCartes/DistributionFitr,benediktgeier,continuity auf TRUE setzen
2020-01-25 16:04:12 UTC,Lockers/Pool-Front-End-Redux,now[bot],"
Successfully deployed to following URLs:

* https://pool-front-end-redux-29twjb9yw.now.sh
* https://pool-front-end-redux.now.sh
* https://pool-front-end-redux.mattlocklin.now.sh
* https://pool-front-end-redux-git-master.mattlocklin.now.sh
	"
2020-01-19 18:56:37 UTC,artg3-dev/DM_Tools,artg3-dev,fixes #7 
2020-01-23 14:52:52 UTC,nielskrijger/gitstat-web,now[bot],"
Successfully deployed to following URLs:

* https://gitstat-web-j6bo6s3hd.now.sh
* https://gitstat-web.now.sh
* https://gitstat.com
* https://www.gitstat.com
* https://gitstat-web.nielskrijger.now.sh
* https://gitstat-web-git-master.nielskrijger.now.sh
	"
2020-01-19 04:39:30 UTC,laughnan/pensivelemons.com,now[bot],"
Successfully deployed to following URLs:

* https://pensivelemonscom-giojkyugk.now.sh
* https://pensivelemons.com
* https://pensivelemonscom.alxlghn.now.sh
* https://pensivelemonscom-git-master.alxlghn.now.sh
	"
2020-01-11 13:15:08 UTC,priyamclinic/priyamclinic,priyamclinic,best clinic
2020-01-27 20:38:40 UTC,SiTaggart/AreMyColorsAccessible,now[bot],"
Successfully deployed to following URLs:

* https://aremycolorsaccessible-90dcb7m8d.now.sh
* https://aremycoloursaccessible.com
* https://aremycolorsaccessible.com
* https://www.aremycolorsaccessible.com
* https://www.aremycoloursaccessible.com
* https://aremycolorsaccessible.sitaggart.now.sh
* https://aremycolorsaccessible-git-master.sitaggart.now.sh
	"
2020-01-01 06:58:27 UTC,KieuThang192/WebDemo,KieuThang192,"thata ojsod
"
2020-01-09 13:55:50 UTC,checkmycream-tech/products.checkmycream.com,now[bot],"
Successfully deployed to following URLs:

* https://productscheckmycreamcom-neajy4ckv.now.sh
* https://products.checkmycream.com
* https://productscheckmycreamcom.checkmycreamtech.now.sh
* https://productscheckmycreamcom-git-master.checkmycreamtech.now.sh
	"
2020-01-30 13:08:06 UTC,shaneenvitug/weather-app,now[bot],"
Successfully deployed to following URLs:

* https://weather-app-af2f82f9i.now.sh
* https://weather-app-sigma.now.sh
* https://weather-app.shaneenvitug.now.sh
* https://weather-app-git-master.shaneenvitug.now.sh
	"
2020-01-26 15:43:42 UTC,eckspecks/test2,now[bot],"
Deployment failed with the following error:

~~~
You defined 1 build that did not match any source files (please ensure they are NOT defined in .nowignore):
~~~
			"
2020-01-25 09:36:45 UTC,Mountain-Game/The-Catch-Strawberry-Game,Mountain-Game,![Difference between blocks](https://raw.githubusercontent.com/mountain-game/the-catch-strawberry-game/9efa864d20f50ff04731bfcb4bea215e63c1ef4f/.makecode/blocksdiff.png)
2020-01-15 15:31:18 UTC,dandelior/portfolio-web,now[bot],"
Successfully deployed to following URLs:

* https://portfolio-web-cbenw9o7y.now.sh
* https://portfolio-web.now.sh
* https://juanberrios.com
* https://www.juanberrios.com
* https://dandelior.com
* https://portfolio-web.dandelior.now.sh
* https://portfolio-web-git-master.dandelior.now.sh
	"
2020-01-29 16:50:23 UTC,sharsheevnursultan/phones-unlocking,now[bot],"
Successfully deployed to following URLs:

* https://phones-unlocking-iwhjx25aa.now.sh
* https://phones-unlocking.now.sh
* https://phones-unlocking.nursultansharsheev.now.sh
* https://phones-unlocking-git-master.nursultansharsheev.now.sh
	"
2020-01-11 07:49:56 UTC,fcaivano/laravel-passport-api,mrtompkin18,i cant find refresh function in ApiAuthController
2020-01-07 13:51:18 UTC,theapplegates/seven-Jan07,now[bot],"
Failed to assign a domain to your deployment due to the following error:

~~~
You are not owner of the domain ""7ty.tech"".
~~~

([Learn more](https://zeit.co/paul29/seven-jan07/azjaahq0u) or [visit](https://seven-jan07-azjaahq0u.now.sh) the non-aliased deployment)
"
2020-01-06 04:07:10 UTC,graciasc/PokemonSearch,now[bot],"
Successfully deployed to following URLs:

* https://pokemonsearch-lu3cf8sci.now.sh
* https://pokemonsearch.now.sh
* https://pokemonsearch.graciasclaude.now.sh
* https://pokemonsearch-git-master.graciasclaude.now.sh
	"
2020-01-17 19:52:53 UTC,johno/_,now[bot],"
Successfully deployed to following URLs:

* https://597w9uun3-ebwdybyam.now.sh
* https://johno.com
* https://www.johno.com
* https://git-master.johno1.now.sh
	"
2020-01-15 15:52:29 UTC,scanossjs/flask-session,scanoss-app[bot],comment['comment']
2020-01-27 17:15:01 UTC,Marketcircle/alfred-daylite,alykhanjetha,"@egordin glad you like it.

You can search for both Projects and Opportunities so long as they new or open. The code segment is [here](https://github.com/Marketcircle/alfred-daylite/blob/master/src/info.plist#L604).

`dds <project name>` should work."
2020-01-06 09:09:35 UTC,nice-digital/identity,NICE-TeamCity,"TeamCity Identity and Access Management / Identity - RoleManagementAPI [Build 740-IDAM-195-NETFramewor](https://teamcity.nice.org.uk/viewLog.html?buildId=63714&buildTypeId=IdentityandAccessManagement_RoleManagementAPI) outcome was **FAILURE**
Summary: Tests failed: 1, passed: 58; unable to create or deploy release. Please check the build log for details on the error. Build time: 00:04:52
### Failed tests
```
Test collection for NICE.Identity.Test.UnitTests.Authentication.Sdk.Authorisation.RoleRequirementHandlerTests (1): NICE.Identity.Test.UnitTests.Authentication.Sdk.Authorisation.RoleRequirementHandlerTests.RequirementMarkedAsSucceededWhenUserHasRole: <no details avaliable>

```
"
2020-01-27 15:41:17 UTC,nice-digital/MAS,NICE-TeamCity,"TeamCity MAS / MAS [Build 1.1.0.740](https://teamcity.nice.org.uk/viewLog.html?buildId=65018&buildTypeId=Mas_Mas) outcome was **FAILURE**
Summary: Artifacts size 0 B is 100% different from 3.6 MB in build #1.1.0.708-MAS-201-Daily-fixes; exit code 1 (Step: Set build number (Command Line)) Build time: 00:00:08"
2020-01-08 13:26:07 UTC,nice-digital/MAS,NICE-TeamCity,"TeamCity MAS / MAS [Build 1.0.0.413-rAD729D4](https://teamcity.nice.org.uk/viewLog.html?buildId=63908&buildTypeId=Mas_Mas) outcome was **SUCCESS**
Summary: Running Build time: 00:03:57"
2020-01-31 17:53:09 UTC,Ultimaker/Cura,ChrisTerBeke,We should use `self._auth_helpers.generateVerificationCode()` as the functions above.
2020-01-17 22:33:33 UTC,penske-media-corp/pmc-larva,now[bot],"
Deployment failed with the following error:

~~~
Your `package.json` file is missing a `build` property inside the `scripts` property.
~~~
			"
2020-01-10 15:33:37 UTC,bvcms/bvcms,bvcms-teamcity,"TeamCity Bvcms / Build [Build 3385](https://builds.tpsdb.com/viewLog.html?buildId=11231&buildTypeId=Bvcms_Build) is now running
"
2020-01-27 05:59:31 UTC,NREL/EnergyPlus,nrel-bot-2,"remove_objexx_gio__4 (lefticus) - x86_64-Linux-Ubuntu-18.04-gcc-7.4-UnitTestsCoverage-Debug: OK (1270 of 1270 tests passed, 0 test warnings)






<a href='https://nrel.github.io/EnergyPlusBuildResults/EnergyPlus-1f11ee530b2f2531627d1c6324d766eafa6c0e7d-x86_64-Linux-Ubuntu-18.04-gcc-7.4-UnitTestsCoverage-Debug.html'>![Build Badge](http://img.shields.io/badge/build%20status-passing-green.png)</a> <a href='https://nrel.github.io/EnergyPlusBuildResults/EnergyPlus-1f11ee530b2f2531627d1c6324d766eafa6c0e7d-x86_64-Linux-Ubuntu-18.04-gcc-7.4-UnitTestsCoverage-Debug.html'>![Test Badge](http://img.shields.io/badge/tests%20passed-100.0%25-green.png)</a> <a href='https://nrel.github.io/EnergyPlusBuildResults/EnergyPlus-1f11ee530b2f2531627d1c6324d766eafa6c0e7d-x86_64-Linux-Ubuntu-18.04-gcc-7.4-UnitTestsCoverage-Debug.html'>![Coverage Badge](http://img.shields.io/badge/coverage%20status-43.68%25-green.png)</a>
"
2020-01-23 20:42:25 UTC,NREL/EnergyPlus,nrel-bot-2c,"remove_objexx_gio__3 (lefticus) - x86_64-Linux-Ubuntu-18.04-gcc-7.4: OK (2643 of 2656 tests passed, 389 test warnings)

Messages:\n
 * 399 tests had: EIO diffs.
 * 12 tests had: Table big diffs.
 * 58 tests had: Table small diffs.
 * 22 tests had: BND diffs.
 * 3 tests had: MTD diffs.
 * 2 tests had: RDD diffs.
 * 3 tests had: ERR diffs.

Failures:\n

integration Test Summary
 * Passed: 677
 * Failed: 1

regression Test Summary
 * Passed: 681
 * Failed: 12


<a href='https://nrel.github.io/EnergyPlusBuildResults/EnergyPlus-d7adcb9403d942c612875121c1eabc734c1a7a63-x86_64-Linux-Ubuntu-18.04-gcc-7.4.html'>![Build Badge](http://img.shields.io/badge/build%20status-passing-green.png)</a> <a href='https://nrel.github.io/EnergyPlusBuildResults/EnergyPlus-d7adcb9403d942c612875121c1eabc734c1a7a63-x86_64-Linux-Ubuntu-18.04-gcc-7.4.html'>![Test Badge](http://img.shields.io/badge/tests%20passed-99.51%25-yellow.png)</a> 
"
2020-01-06 11:30:12 UTC,undertow-io/undertow,noordawod,"This seems to work properly, thank you @stuartwdouglas!"
2020-01-24 20:59:55 UTC,department-of-veterans-affairs/va.gov-cms,va-cms-bot,"<details>
    <summary>:x: Test Failed: <code>va/tests/behat</code></summary>
    <pre>cd tests/behat
behat --colors
</pre>
   
```
@api
Feature: Access control
  In order to protect my site and its content
  As a site owner
  I want to control access with user roles and permissions.


In Container.php line 151:
                                                                            
  You have requested a non-existent service ""plugin.manager.image.effect"".  
                                                                            

behat [-s|--suite SUITE] [-f|--format FORMAT] [-o|--out OUT] [--format-settings FORMAT-SETTINGS] [--init] [--lang LANG] [--name NAME] [--tags TAGS] [--role ROLE] [--story-syntax] [-d|--definitions DEFINITIONS] [--snippets-for [SNIPPETS-FOR]] [--snippets-type SNIPPETS-TYPE] [--append-snippets] [--no-snippets] [--strict] [--order ORDER] [--rerun] [--stop-on-failure] [--dry-run] [--] [<paths>]
```
    
- **On:** ip-10-247-97-47
- **In:** 0.399s
    
</details>"
2020-01-17 00:26:00 UTC,conda-forge/wisdem-feedstock,conda-forge-linter,"
Hi! This is the friendly automated conda-forge-webservice.

I updated the Github team because of this commit.

- @evan-gaertner was added to conda-forge. Welcome to conda-forge!
  Go to https://github.com/orgs/conda-forge/invitation see your invitation.

You should get push access to this feedstock and CI services.

Feel free to join the community [chat room](https://gitter.im/conda-forge/conda-forge.github.io).

NOTE: Please make sure to not push to the repository directly.
      Use branches in your fork for any changes and send a PR.
      More details [here](https://conda-forge.org/docs/maintainer/updating_pkgs.html#forking-and-pull-requests)
"
2020-01-09 15:03:32 UTC,SUI-Components/adevinta-spain-components,now[bot],"
Successfully deployed to following URLs:

* https://adevinta-spain-components-qxx9lkyzx.now.sh
* https://adevinta-spain-components.now.sh
* https://adevinta-spain-components.schibstedspain.now.sh
* https://adevinta-spain-components-git-master.schibstedspain.now.sh
	"
2020-01-15 17:04:34 UTC,uBlockOrigin/uAssets,mapx-,"https://github.com/uBlockOrigin/uAssets/commit/449e0331581ad721758658b5c64d30494d4d9fea

I don't know if it's worth correcting uBo @gorhill "
2020-01-01 07:34:44 UTC,oacore/dashboard,now[bot],"
You are pushing commits at a very fast pace (across the whole organization).
Due to that, we cannot deploy the commit 6eabc3471f58d667161dd39573e32ec421b17356.

You can try again later or [upgrade](https://zeit.co/teams/oacore/settings/plan) your plan.
		"
2020-01-14 15:22:17 UTC,cucapra/diospyros,avanhatt,"Yep :( Spent a bit thinking to work around it - the other option is to use a set to track which registers are used, but it would be a symbolic size, so likely slower. "
2020-01-20 16:05:34 UTC,libero/article-store,giorgiosironi,Something like https://github.com/zeke/semantic-pull-requests (idea more than this implementation) could be useful in the future.
2020-01-09 17:49:28 UTC,opendevstack/ods-core,hugowschneider,I just migrated one test suite. There is another one for the webhook-proxy. I guess would be better to move it in another PR.
2020-01-06 12:02:08 UTC,i-love-flamingo/flamingo-commerce,jeinfeldt,"Can be removed after adjustment regarding 

https://github.com/i-love-flamingo/flamingo-commerce/commit/6e4b464944ee9d591a6158aae0ab0a6b85d8c2b4#r36674806"
2020-01-30 22:29:10 UTC,UNDataForum/gatsby-themes,now[bot],"
Successfully deployed to following URLs:

* https://gatsby-themes-mbov0ftps.now.sh
* https://gatsby-themes.undataforum.now.sh
* https://gatsby-themes-git-master.undataforum.now.sh
	"
2020-01-06 08:03:26 UTC,zeit-github-test/github-e2e-test-dev-domain-issues,now-test[bot],"
Failed to assign a domain to your deployment due to the following error:

~~~
The domain uffvmjfut8.com is not verfied and cannot be used as an alias.
~~~

([Learn more](http://localhost:3000/zeit-github-test-dev/github-e2e-test-dev-domain-issues/pmekz3qob) or [visit](https://github-e2e-test-dev-domain-issues-pmekz3qob.now.sh) the non-aliased deployment)
"
2020-01-13 21:03:02 UTC,zeit-github-test/github-e2e-tests-dev,now-test[bot],"
Deployment failed with the following error:

~~~
You defined 1 build that did not match any source files (please ensure they are NOT defined in .nowignore):
~~~
			"
2020-01-24 19:15:09 UTC,zeit-github-test/github-e2e-tests-dev-alias-v2-with-alias,now-test[bot],"
Successfully deployed to following URLs:

* https://github-e2e-tests-dev-alias-v2-with-alias-qsu8lrvgf.now.sh
* https://z-github-e2e-tests-dev-alias-v2-with-alias.now.sh
* https://github-e2e-tests-dev-alias-v2-with-alias.zeit-github-test-dev1.now.sh
* https://github-e2e-tests-dev-alias-v2-with-alias-git-master.zeit-github-test-dev1.now.sh
	"
2020-01-04 04:04:18 UTC,actions/starter-workflows,A963-creator,Iha nallav   Ed antoja me etnaleda.......ahy  no se q le pasa a mi te lado!!
2020-01-27 14:03:27 UTC,comparae/comparae-webapp,now[bot],"
Successfully deployed to following URLs:

* https://comparae-webapp-cjy6n12om.now.sh
* https://comparae.com.br
* https://comparae-webapp.comparaedevs.now.sh
* https://comparae-webapp-git-master.comparaedevs.now.sh
	"
2020-01-05 20:42:24 UTC,FixedEffects/FixedEffectModels.jl,eloualiche,`JuliaRegistrator @register()`
2020-01-07 23:10:44 UTC,LABS-EU3/hackton-frontend,now[bot],"
Successfully deployed to following URLs:

* https://hackton-frontend-58a76qhu4.now.sh
* https://hackton-frontend.now.sh
* https://hackton.co
* https://hackton-frontend.hackton.now.sh
* https://hackton-frontend-git-develop.hackton.now.sh
	"
2020-01-25 10:48:12 UTC,Paras-Blazing-Fast-DB/website,now[bot],"
Successfully deployed to following URLs:

* https://website-olvszg01d.now.sh
* https://website-eosin.now.sh
* https://parastechnology.com
* https://www.parastechnology.com
* https://website.parastechnology.now.sh
* https://website-git-master.parastechnology.now.sh
	"
