2020-01-23 21:42:19 UTC,geekdenz/pygeoapi,alpha-beta-soup,"`dict.keys()` has insertion order by default in Python 3.6, and by definition in Python 3.7, but insertion order is not retained in Python <3.6. It looks like the order is important here: if there are multiple Accept headers, `text/html` takes precedence, for example."
2020-01-09 04:30:08 UTC,darkristy/next,now[bot],"
Deployment failed with the following error:

~~~
Could not find a secret by name ""firebase_api_id""
~~~
			"
2020-01-07 04:28:28 UTC,phongduong/koogio,github-actions[bot],"Deploy preview for _website_ ready!

Built with commit a552ffdd06a287a51a2ae1f6cd35bad3d74e430c

https://koogio-7l71crmgu.now.sh"
2020-01-30 10:16:08 UTC,ppigazzini/books,vondele,"BTW, the shuffle is easy for epd, less so for pgn. 

"
2020-01-14 20:29:23 UTC,wRorsjakz/RTClib,ondras12345,"Please add something like:
```
If an invalid date is passed to the function, it gets replaced by 2000-01-01.
If an invalid value in any part of the time is encountered, it is replaced by 0.
```

(I also mentioned it in this issue https://github.com/adafruit/RTClib/issues/127)"
2020-01-10 07:35:09 UTC,smokeyfro/dotcom,now[bot],"
Successfully deployed to following URLs:

* https://dotcom-itno0z0eh.now.sh
* https://smokeyfro.com
* https://dotcom.smokeyfro.now.sh
* https://dotcom-git-master.smokeyfro.now.sh
	"
2020-01-04 01:57:27 UTC,Akryum/awesomejs.dev,now[bot],"
Successfully deployed to following URLs:

* https://awesomejsdev-et057mgjs.now.sh
* https://awesomejsdev-git-dev.akryum.now.sh
	"
2020-01-07 21:59:06 UTC,hannesm/opam,hannesm,"@AltGr thanks for your review, I addressed your comments apart from the switch_state question; rebased onto master (this commit is pretty independent), and opened https://github.com/ocaml/opam/pull/4055"
2020-01-16 11:14:03 UTC,nikitashaban/SearchMovieApp,sergeyromanovsky,"strive to avoid inline styling, it can lead to performance issues. add classname"
2020-01-20 01:47:31 UTC,BresGit/Splitter,BresGit,changed for a more intuitive code.
2020-01-02 12:35:47 UTC,lingluanwh/FCA.jl,lingluanwh,@JuliaRegistrator register
2020-01-10 10:54:29 UTC,benoitc/gunicorn,jamadden,"See comments in the original PR. In short, `socket.sendfile` as a high level API is expected to handle this case. "
2020-01-15 02:50:53 UTC,QuanAnhDung-96/Getting-and-Cleaning-Data,QuanAnhDung-96,"Getting and Cleaning Data - Course Project
This is the course project for the Getting and Cleaning Data Coursera course. The R script, run_analysis.R, does the following:
Download the dataset if it does not already exist in the working directory
Load the activity and feature info
Loads both the training and test datasets, keeping only those columns which reflect a mean or standard deviation
Loads the activity and subject data for each dataset, and merges those columns with the dataset
Merges the two datasets
Converts the activity and subject columns into factors
Creates a tidy dataset that consists of the average (mean) value of each variable for each subject and activity pair.
The end result is shown in the file tidy.txt."
2020-01-26 04:38:31 UTC,Aurel300/hxcpp,sonygod,its' not work! @Aurel300 
2020-01-30 07:19:12 UTC,ruandersMSFT/SharePointDsc,VerdonTrigance,"Guys, I think it's a bad idea, because I can use New-SPContentDatabase without passing DatabaseServer to it, so why DSC should require this? It  suppossed to be more comfortable and easy to use (win in time compare to writing own scripts) than original New-SPContentDatabase. So why I should spend time to determine SQLServer to pass in?"
2020-01-07 03:23:40 UTC,Huy-Ngo/usth-se-2020,McSinyx,"yep that's the definition of dead, i.e. unusable (I doubt it'd be easy to get 2005-ish pyrex to compile using current cython)"
2020-01-22 19:02:42 UTC,maximousblk/linkinbio,now[bot],"
You are pushing commits at a very fast pace (across the whole organization).
Due to that, we cannot deploy the commit f5409b6e988e2952f801a84b888149be6bd4c63c.

You can try again later or [upgrade](https://zeit.co/account/plan) your plan.
		"
2020-01-07 18:55:15 UTC,noprogramming/expanda,now[bot],"
Failed to assign a domain to your deployment due to the following error:

~~~
The chosen alias ""expanda.gitc.now.sh"" is already in use.
~~~

([Learn more](https://zeit.co/gitc/expanda/p9l81tscl) or [visit](https://expanda-p9l81tscl.now.sh) the non-aliased deployment)
"
2020-01-02 00:50:07 UTC,streamich/ci-scripts,streamich,Build version: __`0.11.0-renovate/node-8.17.1982`__ :crossed_fingers: [`renovate/node-8.17`](https://github.com/streamich/ci-scripts/tree/renovate/node-8.17) on [*Travis*](https://travis-ci.org/streamich/ci-scripts/builds/631705626) :tada:
2020-01-30 22:31:33 UTC,jeremyBanks/speedruns,now[bot],"
Successfully deployed to following URLs:

* https://speedruns-4pmu5k4bg.now.sh
* https://speedrun.ca
* https://staging.speedruns.ca
* https://speedruns.speedruns.now.sh
* https://speedruns-git-master.speedruns.now.sh
	"
2020-01-25 08:16:39 UTC,abhishekvarmagh/EmployeeWage,BL-shwetabodke,This if statement should be removed completely and absent condition should be added in the case statement itself
2020-01-30 03:43:40 UTC,deltahalo099/Allegory-Site,now[bot],"
Successfully deployed to following URLs:

* https://allegory-site-2wcpbe46p.now.sh
* https://allegory-site-rosy-six.now.sh
* https://allegoryinthecave.com
* https://allegory-site.deltahalo099.now.sh
* https://allegory-site-git-master.deltahalo099.now.sh
	"
2020-01-28 00:51:53 UTC,bleepnetworks/homebrew-cask,bleepnetworks,"hey @i0ntempest, you're committing to my homebrew fork?! can you fork your own copy so I don't get notifications please?"
2020-01-15 18:39:06 UTC,akuba/kwork,akuba,11
2020-01-15 17:15:30 UTC,sync/pollen-tracker,now[bot],"
Successfully deployed to following URLs:

* https://pollen-tracker-mrko74pb7.now.sh
* https://pollen-tracker.now.sh
* https://pollen-tracker.dblechoc.now.sh
* https://pollen-tracker-git-master.dblechoc.now.sh
	"
2020-01-09 18:10:35 UTC,elmaester/hire-oleg,now[bot],"
Successfully deployed to following URLs:

* https://hire-oleg-5eomb8xl7.now.sh
* https://hire-oleg.now.sh
* https://hire-oleg.elmaester.now.sh
* https://hire-oleg-git-master.elmaester.now.sh
	"
2020-01-31 11:53:47 UTC,kovidgoyal/kitty,kovidgoyal,I cant see any difference between your two images.
2020-01-07 05:01:35 UTC,corselia/challenging-vue,now[bot],"
Successfully deployed to following URLs:

* https://challenging-vue-efes5ys2g.now.sh
* https://challenging-vue.now.sh
* https://challenging-vue.etheria.now.sh
* https://challenging-vue-git-master.etheria.now.sh
	"
2020-01-24 00:27:06 UTC,PerditionC/fdkernel,stsp,"Note that fdpp had a very extensive
development cycle. Many quick-hack
patches were later reverted. Re-sync
is not an easy task, unfortunately."
2020-01-05 16:52:21 UTC,paulohos06/jobify,now[bot],"
Successfully deployed to following URLs:

* https://jobify-m38u0651h.now.sh
* https://jobify-sooty-beta.now.sh
* https://jobify.paulohenrique06.now.sh
* https://jobify-git-master.paulohenrique06.now.sh
	"
2020-01-29 20:35:55 UTC,Cvmcosta/moodle,Cvmcosta,I realized that the function lti_verify_jwt_signature was probably originally written to do exactly this. So i just adapted a bit and called it from token.php
2020-01-18 14:18:07 UTC,arvidn/libtorrent,pavel-pimenov,"q:\vc15\r5xx\libtorrent\src\enum_net.cpp(713): error C2039: 'OnLinkPrefixLength': is not a member of '_IP_ADAPTER_UNICAST_ADDRESS_XP' [Q:\vc15\r5xx\libtorrent\libtorrent_2017.vcxproj]
         q:\vc15\r5xx\libtorrent\src\enum_net.cpp(715): error C2039: 'OnLinkPrefixLength': is not a member of '_IP_ADAPTER_UNICAST_ADDRESS_XP' [Q:\vc15\r5xx\libtorrent\libtorrent_2017.vcxproj]"
2020-01-26 13:24:20 UTC,WessCoby/test-secrets,now[bot],"
Successfully deployed to following URLs:

* https://test-secrets-bj3qmycgz.now.sh
* https://test-secrets.now.sh
* https://test-secrets.wesscoby.now.sh
* https://test-secrets-git-master.wesscoby.now.sh
	"
2020-01-05 09:14:49 UTC,timholy/GtkUtilities.jl,JuliaRegistrator,"Registration pull request created: [JuliaRegistries/General/7535](https://github.com/JuliaRegistries/General/pull/7535)

After the above pull request is merged, it is recommended that a tag is created on this repository for the registered package version.

This will be done automatically if [Julia TagBot](https://github.com/apps/julia-tagbot) is installed, or can be done manually through the github interface, or via:
```
git tag -a v1.0.1 -m ""<description of version>"" a79d3c60c4ae7687181548b0b7e375f7e03e005f
git push origin v1.0.1
```
"
2020-01-30 05:27:41 UTC,williamrozin/will-tunes,now[bot],"
Successfully deployed to following URLs:

* https://will-tunes-fwbz952hj.now.sh
* https://will-tunes.now.sh
* https://will-tunes.williamrozingaspar.now.sh
* https://will-tunes-git-master.williamrozingaspar.now.sh
	"
2020-01-22 17:57:47 UTC,MEETcharola/SDP_Dec_2019,MEETcharola,Deadline is set.
2020-01-13 08:01:21 UTC,paddymcdonnell661/digimon-adventure,paddymcdonnell661,![Difference between blocks](https://raw.githubusercontent.com/paddymcdonnell661/digimon-adventure/e02b50ab8d1fb8454baf62ffa9adc734ce23ab29/.makecode/blocksdiff.png)
2020-01-07 23:56:56 UTC,silasgroskreutz/pet1,now[bot],"
Successfully deployed to following URLs:

* https://pet1-4s91plv75.now.sh
* https://pet1.now.sh
* https://pet1.silasgroskreutz.now.sh
* https://pet1-git-master.silasgroskreutz.now.sh
	"
2020-01-22 02:04:17 UTC,adriankumpf/teslamate,cwanja,"At least in my install, the ID is not exposed in the drives URL. "
2020-01-14 23:20:00 UTC,BodbDearg/StationDoom,Erick194,"hehe, I have to change ""player_hud"" to ""viewplayer"" XD"
2020-01-03 16:42:11 UTC,DJScias/Discord-Datamining,ThaTiemsz,"- New constant (mobile):
```js
AddFriendTabs = {
  USERNAME = ""Username"",
  NEARBY_SCAN = ""Nearby Scan""
}
```

## Strings
#### Updated
- `ADD_FRIEND_PLACEHOLDER`: `""Enter a DiscordTag#0000""` -> `""Enter a Username#0000""`
- `ADD_FRIEND_INPUT_HINT`: `""DiscordTag#0000""` -> `""Username#0000""`
#### Added (mobile)
- `CREATE_SERVER_DEFAULT_SERVER_NAME_FORMAT: ""{username}'s Server""`
- `GUILD_SETTINGS_PREMIUM_UPSELL_SUBHEADING_TIER_1_MOBILE: ""Thanks for being a Nitro Classic member. You get a {discountPercent} discount on Server Boosts.""`
- `GUILD_SETTINGS_PREMIUM_UPSELL_SUBHEADING_TIER_2_MOBILE: ""Thanks for being a Nitro member. You get {freeSubscriptionCount, number} Boosts included with your subscription, and a {discountPercent} discount on future Server Boosts.""`
- `GUILD_SETTINGS_PREMIUM_UPSELL_SUBHEADING_EXTRA_MOBILE: ""Boosts are **!!{price}!!** $[~~({originalPrice})~~](originalPriceHook).""`
- `PREMIUM_GUILD_SUBSCRIPTION_INVENTORY_UNCANCEL_TITLE_MOBILE: ""Save the Boost?""`
- `PREMIUM_GUILD_SUBSCRIPTION_INVENTORY_UNCANCEL_BUTTON_MOBILE: ""Uncancel Now""`
- `PREMIUM_GUILD_SUBSCRIPTION_INVENTORY_UNCANCEL_ERROR: ""There was an error trying to uncancel this boost.""`
- `PREMIUM_GUILD_SUBSCRIPTION_SLOT_UNCANCEL_BUTTON_MOBILE: ""Uncancel""`
- `PREMIUM_GUILD_SUBSCRIPTION_CANCEL_TITLE: ""Cancel Server Boost""`
- `PREMIUM_GUILD_SUBSCRIPTION_CANCEL_TITLE_PENDING_CANCELLATION: ""Boost Pending Cancellation""`
- `PREMIUM_GUILD_SUBSCRIPTION_CANCEL_BUTTON_MOBILE: ""Cancel Boost""`
- `PREMIUM_GUILD_SUBSCRIPTION_CANCEL_ERROR_MOBILE: ""There was an error trying to cancel this boost.""`
- `PREMIUM_GUILD_USER_FEATURE_MEMBER_BADGE_MARKDOWN: ""A **member list icon** next to your name""`
- `PREMIUM_GUILD_USER_FEATURE_PROFILE_BADGE_MARKDOWN: ""A shiny **profile badge** that changes over time""`
- `PREMIUM_GUILD_USER_FEATURE_ROLE_MARKDOWN: ""An exclusive **new role** in that server""`
- `PREMIUM_GUILD_GUILD_FEATURE_EMOJI_MARKDOWN: ""Room for **more custom emoji**""`
- `PREMIUM_GUILD_GUILD_FEATURE_AUDIO_QUALITY_MARKDOWN: ""**Better quality** for voice channels and Go Live""`
- `PREMIUM_GUILD_GUILD_FEATURE_UPLOAD_SIZE_MARKDOWN: ""**Bigger upload size** for all server members""`
- `PREMIUM_GUILD_SUBSCRIBE_CONFIRM_TRANSFER_HEADER: ""Transfer Server Boost?""`
- `PREMIUM_GUILD_PERKS_MODAL_PROTIP_MOBILE: ""**PROTIP:** Discord Nitro includes {numFreeGuildSubscriptions, plural, =1 {# Boost} other {# Boosts}}! [Learn more.]({onLearnMore})""`
- `PREMIUM_GUILD_PERKS_MODAL_INFO_MOBILE: ""For each level achieved, you'll help unlock perks for everyone in this server. These perks are only in effect within the server. [Learn more about Server Boosting.]({helpdeskArticle})""`
- `PREMIUM_GUILD_PERKS_MODAL_BUTTON_GIFT_PREMIUM: ""Gift Nitro to a friend""`
- `HUMANIZE_DURATION_A_FEW_SECONDS: ""a few seconds""`
- `HUMANIZE_DURATION_SECONDS: ""{time, plural, =1 {a second} other {# seconds}}""`
- `HUMANIZE_DURATION_MINUTES: ""{time, plural, =1 {a minute} other {# minutes}}""`
- `HUMANIZE_DURATION_HOURS: ""{time, plural, =1 {an hour} other {# hours}}""`
- `HUMANIZE_DURATION_DAYS: ""{time, plural, =1 {a day} other {# days}}`
- `SYSTEM_MESSAGE_GUILD_STREAM_ACTIVE_ANDROID: ""[!!{username}!!](usernameOnClick) is live. [Join Stream](https://discordapp.com)`"
2020-01-25 16:34:37 UTC,mmtrt/leagueoflegends,mmtrt,try disabling compositor or use wine virtual desktop see if this helps. 
2020-01-25 05:19:17 UTC,devotox/zenunu,github-actions[bot],"Deploy preview for _website_ ready!

Built with commit 9416de0f83c73bf0fff553b46ae4eb0c91a8336c

https://zenunu-iiaw3hacg.now.sh"
2020-01-03 14:12:26 UTC,AlexGorn0000/centrobr42-vk-mini-apps,now[bot],"
Successfully deployed to following URLs:

* https://centrobr42-vk-mini-apps-pvbm2cp62.now.sh
* https://centrobr42-vk-mini-apps.now.sh
* https://centrobr42-vk-mini-apps.alexgorn00.now.sh
* https://centrobr42-vk-mini-apps-git-master.alexgorn00.now.sh
	"
2020-01-03 06:38:37 UTC,bambootest-bot/githubtest,bambootest-bot,"# Specs execution successful
:scroll: [View logs](http://bamboo.comnull)
### Plans updated

Bamboo specs have been successfully imported and the following plans have been updated.

Project | Plan | Build
---|---|---
[Test](http://bamboo.com/browse/TEST) | [Comment test](http://bamboo.com/browse/TEST-CTEST)  | :white_check_mark: [\#1](http://bamboo.com/browse/TEST-CTEST-1)
[New project](http://bamboo.com/browse/NEW) | [Disabled plan](http://bamboo.com/browse/NEW-DISABLED) **disabled** | :white_check_mark: [\#1](http://bamboo.com/browse/NEW-DISABLED-1)

### Deployments updated

Bamboo specs have been successfully imported and the following deployment projects have been updated.

|Deployment project |
----|
[Deployment test](http://bamboo.com/deploy/viewDeploymentProjectVersions.action?id=2162689)|
"
2020-01-01 20:51:28 UTC,weather34/Meteobridge-MB-SMART,spatenchb,"Thanks Brian.
Have a great 2020!
Chuck"
2020-01-21 18:38:24 UTC,bambootest-bot/githubtest,bambootest-bot,"# Specs execution successful
:scroll: [View logs](http://bamboo.comnull)
### Plans updated

Bamboo specs have been successfully imported and the following plans have been updated.

Project | Plan | Build
---|---|---
[Test](http://bamboo.com/browse/TEST) | [Comment test](http://bamboo.com/browse/TEST-CTEST)  | :white_check_mark: [\#1](http://bamboo.com/browse/TEST-CTEST-1)
[New project](http://bamboo.com/browse/NEW) | [Disabled plan](http://bamboo.com/browse/NEW-DISABLED) **disabled** | :white_check_mark: [\#1](http://bamboo.com/browse/NEW-DISABLED-1)

### Deployments updated

Bamboo specs have been successfully imported and the following deployment projects have been updated.

|Deployment project |
----|
[Deployment test](http://bamboo.com/deploy/viewDeploymentProjectVersions.action?id=2162689)|
"
2020-01-15 07:11:52 UTC,sudipto-bal/TizenFX,sudipto-bal,Changed
2020-01-12 13:53:50 UTC,389042136/vue-ci,now[bot],"
Successfully deployed to following URLs:

* https://vue-ci-h3tukfbyg.now.sh
* https://vue-ci.now.sh
* https://vue-ci.vshow.now.sh
* https://vue-ci-git-master.vshow.now.sh
	"
2020-01-20 07:51:48 UTC,Sherlock1024/Sherlock1024.github.io,Sherlock1024,commit
2020-01-07 22:47:37 UTC,NateRadebaugh/react-datetime,now[bot],"
Successfully deployed to following URLs:

* https://nateradebaughreact-datetime-e9c1de2iw.now.sh
* https://nateradebaugh-datetime.now.sh
* https://react-datetime.now.sh
* https://react-datetime.naterad.com
* https://nateradebaugh-react-datetime.nateradebaugh.now.sh
* https://nateradebaugh-react-datetime-git-master.nateradebaugh.now.sh
	"
2020-01-27 15:46:40 UTC,jeremybenaim/jeremybenaim.com,now[bot],"
Successfully deployed to following URLs:

* https://jeremybenaimcom-5p0fyb4sf.now.sh
* https://jeremybenaim.com
* https://jeremybenaimcom.jeremybenaim.now.sh
* https://jeremybenaimcom-git-master.jeremybenaim.now.sh
	"
2020-01-17 18:25:15 UTC,bambootest-bot/githubtest,bambootest-bot,"# Specs execution successful
:scroll: [View logs](http://bamboo.comnull)
### Plans updated

Bamboo specs have been successfully imported and the following plans have been updated.

Project | Plan | Build
---|---|---
[Test](http://bamboo.com/browse/TEST) | [Comment test](http://bamboo.com/browse/TEST-CTEST)  | :white_check_mark: [\#1](http://bamboo.com/browse/TEST-CTEST-1)
[New project](http://bamboo.com/browse/NEW) | [Disabled plan](http://bamboo.com/browse/NEW-DISABLED) **disabled** | :white_check_mark: [\#1](http://bamboo.com/browse/NEW-DISABLED-1)

### Deployments updated

Bamboo specs have been successfully imported and the following deployment projects have been updated.

|Deployment project |
----|
[Deployment test](http://bamboo.com/deploy/viewDeploymentProjectVersions.action?id=2162689)|
"
2020-01-06 15:33:23 UTC,dankrad/rsacash,now[bot],"
Successfully deployed to following URLs:

* https://rsacash-qie0c9it6.now.sh
* https://rsacash-blue-mu.now.sh
* https://rsa.cash
* https://rsacash.dankrad.now.sh
* https://rsacash-git-master.dankrad.now.sh
	"
2020-01-04 11:58:15 UTC,harikv23/terraform,harikv23,tfstate
2020-01-09 09:07:47 UTC,super30admin/Two-Pointers-1,rajatkumar01,nice Work Neha
2020-01-22 07:40:19 UTC,dev-harsh1998/kernel_lenovo_msm8916,Akianonymus,"lol, noobs"
2020-01-08 07:30:26 UTC,bambootest-bot/githubtest,bambootest-bot,"# Specs execution successful
:scroll: [View logs](http://bamboo.comnull)
### Plans updated

Bamboo specs have been successfully imported and the following plans have been updated.

Project | Plan | Build
---|---|---
[Test](http://bamboo.com/browse/TEST) | [Comment test](http://bamboo.com/browse/TEST-CTEST)  | :white_check_mark: [\#1](http://bamboo.com/browse/TEST-CTEST-1)
[New project](http://bamboo.com/browse/NEW) | [Disabled plan](http://bamboo.com/browse/NEW-DISABLED) **disabled** | :white_check_mark: [\#1](http://bamboo.com/browse/NEW-DISABLED-1)

### Deployments updated

Bamboo specs have been successfully imported and the following deployment projects have been updated.

|Deployment project |
----|
[Deployment test](http://bamboo.com/deploy/viewDeploymentProjectVersions.action?id=2162689)|
"
2020-01-31 15:35:55 UTC,bambootest-bot/githubtest,bambootest-bot,"# Specs execution successful
:scroll: [View logs](http://bamboo.comnull)
### Plans updated

Bamboo specs have been successfully imported and the following plans have been updated.

Project | Plan | Build
---|---|---
[Test](http://bamboo.com/browse/TEST) | [Comment test](http://bamboo.com/browse/TEST-CTEST)  | :white_check_mark: [\#1](http://bamboo.com/browse/TEST-CTEST-1)
[New project](http://bamboo.com/browse/NEW) | [Disabled plan](http://bamboo.com/browse/NEW-DISABLED) **disabled** | :white_check_mark: [\#1](http://bamboo.com/browse/NEW-DISABLED-1)

### Deployments updated

Bamboo specs have been successfully imported and the following deployment projects have been updated.

|Deployment project |
----|
[Deployment test](http://bamboo.com/deploy/viewDeploymentProjectVersions.action?id=2162689)|
"
2020-01-13 17:47:29 UTC,keywordnew/manil.space,now[bot],"
Successfully deployed to following URLs:

* https://manilspace-77vy71wh1.now.sh
* https://manil.space
* https://manilspace.keywordnew.now.sh
* https://manilspace-git-master.keywordnew.now.sh
	"
2020-01-09 11:46:34 UTC,alterdeqip/testrepository,alterdeqip,"Collaborator cannot find remote user mapping for user that pushed commits, review created by system administrator"
2020-01-15 00:58:00 UTC,RafaelSanaMontevechio/jobify,now[bot],"
Successfully deployed to following URLs:

* https://jobify-b9coz3zt2.now.sh
* https://jobify-theta-neon.now.sh
* https://jobify.rafaelsanamontevechio.now.sh
* https://jobify-git-master.rafaelsanamontevechio.now.sh
	"
2020-01-22 10:14:17 UTC,testmail-ihub/CreateCommitComment-User,testmail-ihub,Comment1
2020-01-24 15:29:29 UTC,syl20bnr/spacemacs,FlorianFranzen,"This commit breaks initialization for me, even with ```treemacs``` layer disabled:
```
(error ""Given parent class treemacs-scope is not a class"")
```"
2020-01-12 09:35:13 UTC,tanjim750/Abubokor-fbbrut,tanjim750,"![Screenshot_2020-01-12-15-23-27-939_com termux](https://user-images.githubusercontent.com/59773799/72216877-0e7e4200-3551-11ea-9ba2-ddb6bc0088cb.jpg)
"
2020-01-18 23:46:53 UTC,ToadHanks/ToadHanks.github.io,ToadHanks,Fetched the proper icon from font awesome website.
2020-01-20 14:06:53 UTC,wunnle/next-md-portfolio,now[bot],"
Successfully deployed to following URLs:

* https://portfolio-nqiwcyen0.now.sh
* https://md.wunnle.dev
* https://wunnle.dev
* https://www.wunnle.dev
* https://portfolio.wunnle.now.sh
* https://portfolio-git-master.wunnle.now.sh
	"
2020-01-07 22:27:18 UTC,thoughtbot/factory_bot,connorshea,"FWIW, Rails 5.0 and 5.1 are also EOL."
2020-01-08 13:22:59 UTC,nette/di,dg,Well ... It took me three hours to solve it. :-)
2020-01-08 14:30:43 UTC,nice-digital/MAS,NICE-TeamCity,"TeamCity MAS / MAS [Build 1.0.0.415-MAS-111-StaticSiteFi](https://teamcity.nice.org.uk/viewLog.html?buildId=63911&buildTypeId=Mas_Mas) outcome was **SUCCESS**
Summary: Running Build time: 00:04:04"
2020-01-13 10:00:07 UTC,zammad/zammad,thorsteneckel,https://github.com/zammad/zammad/pull/2882
2020-01-26 02:54:29 UTC,bvcms/bvcms,bvcms-teamcity,"TeamCity Bvcms / Build [Build 3457](https://builds.tpsdb.com/viewLog.html?buildId=11592&buildTypeId=Bvcms_Build) is now running
"
2020-01-17 22:41:33 UTC,oe-alliance/AutoBouquetsMaker,Huevos,"![1](https://user-images.githubusercontent.com/2067864/72651073-92399380-3982-11ea-9bb3-3153ac46a436.jpg)
![2](https://user-images.githubusercontent.com/2067864/72651089-9fef1900-3982-11ea-9941-d6d65af78aef.jpg)
![3](https://user-images.githubusercontent.com/2067864/72651113-b85f3380-3982-11ea-9700-d802ff64d2c5.jpg)
![4](https://user-images.githubusercontent.com/2067864/72651123-bc8b5100-3982-11ea-839d-3593daeb114f.jpg)
![5](https://user-images.githubusercontent.com/2067864/72651138-c3b25f00-3982-11ea-8254-cfe91882be93.jpg)
![6](https://user-images.githubusercontent.com/2067864/72651148-c7de7c80-3982-11ea-98eb-89bdbb50bde5.jpg)
![7](https://user-images.githubusercontent.com/2067864/72651151-cb720380-3982-11ea-8d0e-721eac2131fb.jpg)
![8](https://user-images.githubusercontent.com/2067864/72651154-cdd45d80-3982-11ea-8212-a684bec6e038.jpg)
![9](https://user-images.githubusercontent.com/2067864/72651156-d0cf4e00-3982-11ea-8f85-d22ce9d556a7.jpg)
![10](https://user-images.githubusercontent.com/2067864/72651161-d331a800-3982-11ea-8c27-5ab2f3c7688d.jpg)

"
2020-01-08 22:56:07 UTC,NREL/EnergyPlus,nrel-bot,"desuperheater_remain_issues (yzhou601) - Win64-Windows-10-VisualStudio-16: OK (2580 of 2597 tests passed, 11 test warnings)

Messages:\n
 * 12 tests had: BND diffs.
 * 17 tests had: EIO diffs.
 * 15 tests had: ESO big diffs.
 * 17 tests had: Table big diffs.
 * 6 tests had: MTR small diffs.
 * 4 tests had: ERR diffs.
 * 5 tests had: MTR big diffs.
 * 1 test had: MTD diffs.

Failures:\n

regression Test Summary
 * Passed: 653
 * Failed: 17


<a href='https://nrel.github.io/EnergyPlusBuildResults/EnergyPlus-284ebc828ef7570e91a4632b1a0673a27a8dd480-Win64-Windows-10-VisualStudio-16.html'>![Build Badge](http://img.shields.io/badge/build%20status-passing-green.png)</a> <a href='https://nrel.github.io/EnergyPlusBuildResults/EnergyPlus-284ebc828ef7570e91a4632b1a0673a27a8dd480-Win64-Windows-10-VisualStudio-16.html'>![Test Badge](http://img.shields.io/badge/tests%20passed-99.35%25-yellow.png)</a> 
"
2020-01-13 20:00:50 UTC,NREL/EnergyPlus,nrel-bot-2c,"desuperheater_remain_issues (yzhou601) - x86_64-Linux-Ubuntu-18.04-gcc-7.4: OK (2622 of 2640 tests passed, 0 test warnings)

Messages:\n
 * 18 tests had: EIO diffs.
 * 16 tests had: ESO big diffs.
 * 18 tests had: Table big diffs.
 * 4 tests had: ERR diffs.
 * 6 tests had: MTR small diffs.
 * 5 tests had: MTR big diffs.

Failures:\n

regression Test Summary
 * Passed: 672
 * Failed: 18


<a href='https://nrel.github.io/EnergyPlusBuildResults/EnergyPlus-edbf2bc55698d5eea9450d794f59b5f97d4a00f1-x86_64-Linux-Ubuntu-18.04-gcc-7.4.html'>![Build Badge](http://img.shields.io/badge/build%20status-passing-green.png)</a> <a href='https://nrel.github.io/EnergyPlusBuildResults/EnergyPlus-edbf2bc55698d5eea9450d794f59b5f97d4a00f1-x86_64-Linux-Ubuntu-18.04-gcc-7.4.html'>![Test Badge](http://img.shields.io/badge/tests%20passed-99.32%25-yellow.png)</a> 
"
2020-01-16 21:50:42 UTC,NREL/EnergyPlus,nrel-bot-2,"169953819_Issue7471 (Unknown) - x86_64-Linux-Ubuntu-18.04-gcc-7.4-IntegrationCoverage-Debug: OK (677 of 678 tests passed, 0 test warnings)



Failures:\n

integration Test Summary
 * Passed: 677
 * Timeout: 1


<a href='https://nrel.github.io/EnergyPlusBuildResults/EnergyPlus-b3230a4842f5781cc501e16c066efe30e0ac7e9f-x86_64-Linux-Ubuntu-18.04-gcc-7.4-IntegrationCoverage-Debug.html'>![Build Badge](http://img.shields.io/badge/build%20status-passing-green.png)</a> <a href='https://nrel.github.io/EnergyPlusBuildResults/EnergyPlus-b3230a4842f5781cc501e16c066efe30e0ac7e9f-x86_64-Linux-Ubuntu-18.04-gcc-7.4-IntegrationCoverage-Debug.html'>![Test Badge](http://img.shields.io/badge/tests%20passed-99.85%25-yellow.png)</a> <a href='https://nrel.github.io/EnergyPlusBuildResults/EnergyPlus-b3230a4842f5781cc501e16c066efe30e0ac7e9f-x86_64-Linux-Ubuntu-18.04-gcc-7.4-IntegrationCoverage-Debug.html'>![Coverage Badge](http://img.shields.io/badge/coverage%20status-68.4%25-yellow.png)</a>
"
2020-01-17 19:39:07 UTC,electriccitizen/cgsiweb,broeker,"[![Visit Site](https://raw.githubusercontent.com/pantheon-systems/terminus-build-tools-plugin/master/assets/images/visit-site-36.png)](https://ci-1205-cgsiweb.pantheonsite.io/)

Created multidev environment [ci-1205](https://dashboard.pantheon.io/sites/806fd996-4d92-45f6-a74e-dc88955a747a#ci-1205) for cgsiweb."
2020-01-09 06:03:05 UTC,FAIMS/Perachora-2020,DoxasticFox,"@astevanovic If I recall how the autogen works, you can rewrite the format string for this archent as `<str>GPS-{{Burial_Mound_ID $2}}-{{GPS_Location_ID $2}}-</str>`. Instead of writing this `<str>` element in a GUI/data element, you'd write it directly inside the tab group:

```xml
<GPS_Location>
  <str>GPS-{{Burial_Mound_ID $2}}-{{GPS_Location_ID $2}}-</str>
  <GPS_Location_Information>
  ...
```

The reason I suggest writing format strings in this way is that it helps avoid mistakes. For example, it was common for me to include extra dashes at the ends of identifiers, and I think you've had the same experience. So, while the above format string is equivalent to what you already have, I think you probably intended something to the effect of `<str>GPS-{{Burial_Mound_ID $2}}-{{GPS_Location_ID $2}}</str>` (i.e. without a dash at the end)."
2020-01-19 19:18:27 UTC,phoenixframework/phoenix_live_view,montanonic,"This is a good change, but also, typically the script would go at the end of the `<body>` in most apps right? This message implies that `app.js` should be included in the head. Is that the intention when using LiveView?"
2020-01-22 07:31:39 UTC,AugurProject/augur,robert-e-davidson3,You never actually set `this._zeroX` in this setter.
2020-01-23 21:35:02 UTC,iigethr/tadao-next,now[bot],"
Successfully deployed to following URLs:

* https://tadao-next-il0pthwn6.now.sh
* https://tadao-next.now.sh
* https://tadao-next.iigethr.now.sh
* https://tadao-next-git-master.iigethr.now.sh
	"
2020-01-31 23:28:21 UTC,dmlc/gluon-nlp,leezu,"@sbogusev Sure. The question is how big the error tolerance is. 
One example from memory: Comparing a Tensorflow and MXNet implementation of a Transformer based model: If both use the ""same"" gelu implementations, the difference in outputs is around 1e-5. Using the ""wrong"" Gelu implementation, the difference will be 1e-3 or 1e-2. You could verify this with https://github.com/dmlc/gluon-nlp/blob/master/scripts/language_model/conversion_utils/compare_transformerxl_pytorch_gluon_model.py

This is the reason we introduce the `approximate` flag. To be able to more closely match the computation of existing work.

Could you specify the reason for your concerns? I suppose Intel would prefer to only provide a single optimized reference implementation?"
2020-01-13 11:54:52 UTC,TALP-UPC/FreeLing,lluisp,"That fix does not compile in C++11.  I just removed ""register"" and ""auto"""
2020-01-27 15:05:24 UTC,tensorflow/java,Craigacp,Can the breaks be on a separate line? Multiple statements on a single line are against the Google Java style guide.
2020-01-22 22:27:32 UTC,mozilla-mobile/android-components,firefoxci-taskcluster[bot],"<details>

<summary>Submitting the task to Taskcluster failed. Details</summary>

The specified entity already exists.
RequestId:922213e5-a002-0034-3c73-d1f994000000
Time:2020-01-22T22:27:31.8936101Z

</details>"
2020-01-10 18:49:00 UTC,mozilla-mobile/fenix,firefoxci-taskcluster[bot],"<details>

<summary>Submitting the task to Taskcluster failed. Details</summary>


Schema Validation Failed!
Rejecting Schema: https://firefox-ci-tc.services.mozilla.com/schemas/queue/v1/create-task-request.json#
Errors:
  * data.metadata.owner should match format ""email""

---

* method:     createTask
* errorCode:  InputValidationError
* statusCode: 400
* time:       2020-01-10T18:48:59.976Z

</details>"
2020-01-09 03:13:59 UTC,livepeer/go-livepeer,j0sh,"I also thought about doing this, but I wasn't convinced that it would mitigate the possibility of having a sender stuck indefinitely. The latest round of changes to drain the sender buffer might make that OK though. Let me think about this some more.

(Really, we should start using something like Rust, because reasoning about concurrency is hard and annoying and not something I really want to keep doing, nor do I have the confidence we're always going to be doing it correctly. In this respect, Golang is quite unsafe: it makes the easy concurrency things even easier, but offers extremely limited help with the hard things, making for a potent footgun.  /rant)"
2020-01-03 01:56:08 UTC,BugSplat-Git/BugsplatMac,bobbyg603,don't forget to switch this back!
2020-01-20 08:00:45 UTC,deltachat/provider-db,AndreasLattmann,This is the domain that I registered (sorry for my mistake).  OVH requires that its own domain be registered in order to use their e-mail service.
2020-01-02 00:04:44 UTC,Exynos3475/android_kernel_samsung_exynos3475,TBM13,This maybe fixed WiFi Hotspot too.
2020-01-09 13:09:56 UTC,FreeFem/FreeFem-sources,sgarnotel,Why not use `make petsc-slepc SUDO=sudo`
2020-01-15 09:35:53 UTC,Unitychain/zkvote-node,juinc,Wonder what is the purpose to move `announce` from `Manager` to `Voter`
2020-01-16 06:57:06 UTC,wetrial/hooks,now[bot],"
Successfully deployed to following URLs:

* https://wetrial-hooks-20xos002w.now.sh
* https://wetrial-hooks.now.sh
* https://wetrial-hooks.wetrial.now.sh
* https://wetrial-hooks-git-master.wetrial.now.sh
	"
2020-01-13 10:42:21 UTC,fihristorg/fihrist-mss,andrew-morrison,"It is not on QA yet. I want to get the TEI syntax sorted first, then do the XSL. But it'll just be a right-aligned logo next to the provenance and acquisition section.

Full URLs are needed precisely because Oxford will not be hosting logos."
2020-01-30 05:55:34 UTC,zeit-github-test/github-e2e-tests-dev-alias-v2-without-alias,now-test[bot],"
Successfully deployed to following URLs:

* https://github-e2e-tests-dev-alias-v2-without-alias-8co945n2e.now.sh
* https://github-e2e-tests-dev-alias-v2-without-alias.zeit-github-test-dev1.now.sh
* https://github-e2e-tests-dev-alias-v2-without-alias-git-master.zeit-github-test-dev1.now.sh
	"
2020-01-03 12:23:05 UTC,beyond-all-reason/Beyond-All-Reason,pandaro,"hi tom, nice to see you
give a look at the discord, here i have explained for all.
tonight i will rewrite all to fix indentation.
just to re explain.
since a broken system for multiple AI support has been inserted there are variable rewrites.
look at the original shardlua from eronoboos (link on discord)
here we discern from team ally and enemy before doing a call"
2020-01-28 00:12:16 UTC,cu-ecen-5013/aesd-assignments,jajoosiddhant,@dwalkes This change has not been reflected in assignment 1 and assignment 2 branches.
2020-01-30 10:41:57 UTC,roleypoly/ui,now[bot],"
Successfully deployed to following URLs:

* https://ui-dlom4bmdg.now.sh
* https://ui.roleypoly.com
* https://ui.roleypoly.now.sh
* https://ui-git-master.roleypoly.now.sh
	"
2020-01-20 11:56:18 UTC,AIR-FOI-HR/AIR1929,dhamzic,#61 
2020-01-27 12:34:45 UTC,hx-lang/hx-lang,DasNaCl,"I don't think this is meaningful. This sounds a lot like visiting stuff, which we externalized to types inheriting from `base_visitor`"
